root@eltex-practice2-v4:~# BOOT_TIME=$(date -u -d "@$(($(date +%s) - $(cat /proc/uptime | cut -d' ' -f1 | cut -d'.' -f1)))" '+%Y-%m-%dT%H:%M:%SZ')
root@eltex-practice2-v4:~# END_TIME=$(date -u -d "$BOOT_TIME + 20 seconds" '+%Y-%m-%dT%H:%M:%SZ')
root@eltex-practice2-v4:~# journalctl -b -S "$BOOT_TIME" -U "$END_TIME"
-- No entries --

root@eltex-practice2-v4:~# find /var/log -name "auth.log" -exec sed -E 's/^[^ ]+ [^ ]+ ([^[]+)\[[0-9]+\]: (.*)/\1: \2/' {} \; | sort
2026-07-12T16:50:17.751753+00:00 localhost (systemd): pam_unix(systemd-user:session): session opened for user root(uid=0) by root(uid=0)
2026-07-13T04:15:20.797483+00:00 localhost (systemd): pam_unix(systemd-user:session): session opened for user root(uid=0) by root(uid=0)
2026-07-13T04:34:12.447517+00:00 localhost (systemd): pam_unix(systemd-user:session): session opened for user root(uid=0) by root(uid=0)
CRON: pam_unix(cron:session): session closed for user root
CRON: pam_unix(cron:session): session closed for user root
CRON: pam_unix(cron:session): session closed for user root
CRON: pam_unix(cron:session): session closed for user root
CRON: pam_unix(cron:session): session closed for user root
CRON: pam_unix(cron:session): session closed for user root
CRON: pam_unix(cron:session): session closed for user root
CRON: pam_unix(cron:session): session closed for user root
CRON: pam_unix(cron:session): session closed for user root
CRON: pam_unix(cron:session): session closed for user root
CRON: pam_unix(cron:session): session closed for user root
CRON: pam_unix(cron:session): session closed for user root
CRON: pam_unix(cron:session): session closed for user root
CRON: pam_unix(cron:session): session closed for user root
CRON: pam_unix(cron:session): session closed for user root
CRON: pam_unix(cron:session): session closed for user root
CRON: pam_unix(cron:session): session closed for user root
CRON: pam_unix(cron:session): session closed for user root
CRON: pam_unix(cron:session): session closed for user root
CRON: pam_unix(cron:session): session closed for user root
CRON: pam_unix(cron:session): session closed for user root
CRON: pam_unix(cron:session): session closed for user root
CRON: pam_unix(cron:session): session closed for user root
CRON: pam_unix(cron:session): session closed for user root
CRON: pam_unix(cron:session): session opened for user root(uid=0) by root(uid=0)
CRON: pam_unix(cron:session): session opened for user root(uid=0) by root(uid=0)
CRON: pam_unix(cron:session): session opened for user root(uid=0) by root(uid=0)
CRON: pam_unix(cron:session): session opened for user root(uid=0) by root(uid=0)
CRON: pam_unix(cron:session): session opened for user root(uid=0) by root(uid=0)
CRON: pam_unix(cron:session): session opened for user root(uid=0) by root(uid=0)
CRON: pam_unix(cron:session): session opened for user root(uid=0) by root(uid=0)
CRON: pam_unix(cron:session): session opened for user root(uid=0) by root(uid=0)
CRON: pam_unix(cron:session): session opened for user root(uid=0) by root(uid=0)
CRON: pam_unix(cron:session): session opened for user root(uid=0) by root(uid=0)
CRON: pam_unix(cron:session): session opened for user root(uid=0) by root(uid=0)
CRON: pam_unix(cron:session): session opened for user root(uid=0) by root(uid=0)
CRON: pam_unix(cron:session): session opened for user root(uid=0) by root(uid=0)
CRON: pam_unix(cron:session): session opened for user root(uid=0) by root(uid=0)
CRON: pam_unix(cron:session): session opened for user root(uid=0) by root(uid=0)
CRON: pam_unix(cron:session): session opened for user root(uid=0) by root(uid=0)
CRON: pam_unix(cron:session): session opened for user root(uid=0) by root(uid=0)
CRON: pam_unix(cron:session): session opened for user root(uid=0) by root(uid=0)
CRON: pam_unix(cron:session): session opened for user root(uid=0) by root(uid=0)
CRON: pam_unix(cron:session): session opened for user root(uid=0) by root(uid=0)
CRON: pam_unix(cron:session): session opened for user root(uid=0) by root(uid=0)
CRON: pam_unix(cron:session): session opened for user root(uid=0) by root(uid=0)
CRON: pam_unix(cron:session): session opened for user root(uid=0) by root(uid=0)
CRON: pam_unix(cron:session): session opened for user root(uid=0) by root(uid=0)
CRON: pam_unix(cron:session): session opened for user root(uid=0) by root(uid=0)
CRON: pam_unix(cron:session): session opened for user root(uid=0) by root(uid=0)
CRON: pam_unix(cron:session): session opened for user root(uid=0) by root(uid=0)
CRON: pam_unix(cron:session): session opened for user root(uid=0) by root(uid=0)
CRON: pam_unix(cron:session): session opened for user root(uid=0) by root(uid=0)
CRON: pam_unix(cron:session): session opened for user root(uid=0) by root(uid=0)
CRON: pam_unix(cron:session): session opened for user root(uid=0) by root(uid=0)
CRON: pam_unix(cron:session): session opened for user root(uid=0) by root(uid=0)
CRON: pam_unix(cron:session): session opened for user root(uid=0) by root(uid=0)
CRON: pam_unix(cron:session): session opened for user root(uid=0) by root(uid=0)
CRON: pam_unix(cron:session): session opened for user root(uid=0) by root(uid=0)
CRON: pam_unix(cron:session): session opened for user root(uid=0) by root(uid=0)
CRON: pam_unix(cron:session): session opened for user root(uid=0) by root(uid=0)
CRON: pam_unix(cron:session): session opened for user root(uid=0) by root(uid=0)
CRON: pam_unix(cron:session): session opened for user root(uid=0) by root(uid=0)
CRON: pam_unix(cron:session): session opened for user root(uid=0) by root(uid=0)
CRON: pam_unix(cron:session): session opened for user root(uid=0) by root(uid=0)
CRON: pam_unix(cron:session): session opened for user root(uid=0) by root(uid=0)
CRON: pam_unix(cron:session): session opened for user root(uid=0) by root(uid=0)
CRON: pam_unix(cron:session): session opened for user root(uid=0) by root(uid=0)
CRON: pam_unix(cron:session): session opened for user root(uid=0) by root(uid=0)
CRON: pam_unix(cron:session): session opened for user root(uid=0) by root(uid=0)
CRON: pam_unix(cron:session): session opened for user root(uid=0) by root(uid=0)
CRON: pam_unix(cron:session): session opened for user root(uid=0) by root(uid=0)
CRON: pam_unix(cron:session): session opened for user root(uid=0) by root(uid=0)
CRON: pam_unix(cron:session): session opened for user root(uid=0) by root(uid=0)
CRON: pam_unix(cron:session): session opened for user root(uid=0) by root(uid=0)
CRON: pam_unix(cron:session): session opened for user root(uid=0) by root(uid=0)
CRON: pam_unix(cron:session): session opened for user root(uid=0) by root(uid=0)
CRON: pam_unix(cron:session): session opened for user root(uid=0) by root(uid=0)
CRON: pam_unix(cron:session): session opened for user root(uid=0) by root(uid=0)
CRON: pam_unix(cron:session): session opened for user root(uid=0) by root(uid=0)
CRON: pam_unix(cron:session): session opened for user root(uid=0) by root(uid=0)
CRON: pam_unix(cron:session): session opened for user root(uid=0) by root(uid=0)
CRON: pam_unix(cron:session): session opened for user root(uid=0) by root(uid=0)
CRON: pam_unix(cron:session): session opened for user root(uid=0) by root(uid=0)
CRON: pam_unix(cron:session): session opened for user root(uid=0) by root(uid=0)
CRON: pam_unix(cron:session): session opened for user root(uid=0) by root(uid=0)
CRON: pam_unix(cron:session): session opened for user root(uid=0) by root(uid=0)
CRON: pam_unix(cron:session): session opened for user root(uid=0) by root(uid=0)
CRON: pam_unix(cron:session): session opened for user root(uid=0) by root(uid=0)
CRON: pam_unix(cron:session): session opened for user root(uid=0) by root(uid=0)
CRON: pam_unix(cron:session): session opened for user root(uid=0) by root(uid=0)
CRON: pam_unix(cron:session): session opened for user root(uid=0) by root(uid=0)
CRON: pam_unix(cron:session): session opened for user root(uid=0) by root(uid=0)
CRON: pam_unix(cron:session): session opened for user root(uid=0) by root(uid=0)
CRON: pam_unix(cron:session): session opened for user root(uid=0) by root(uid=0)
CRON: pam_unix(cron:session): session opened for user root(uid=0) by root(uid=0)
CRON: pam_unix(cron:session): session opened for user root(uid=0) by root(uid=0)
CRON: pam_unix(cron:session): session opened for user root(uid=0) by root(uid=0)
CRON: pam_unix(cron:session): session opened for user root(uid=0) by root(uid=0)
CRON: pam_unix(cron:session): session opened for user root(uid=0) by root(uid=0)
CRON: pam_unix(cron:session): session opened for user root(uid=0) by root(uid=0)
CRON: pam_unix(cron:session): session opened for user root(uid=0) by root(uid=0)
CRON: pam_unix(cron:session): session opened for user root(uid=0) by root(uid=0)
CRON: pam_unix(cron:session): session opened for user root(uid=0) by root(uid=0)
CRON: pam_unix(cron:session): session opened for user root(uid=0) by root(uid=0)
CRON: pam_unix(cron:session): session opened for user root(uid=0) by root(uid=0)
CRON: pam_unix(cron:session): session opened for user root(uid=0) by root(uid=0)
CRON: pam_unix(cron:session): session opened for user root(uid=0) by root(uid=0)
CRON: pam_unix(cron:session): session opened for user root(uid=0) by root(uid=0)
CRON: pam_unix(cron:session): session opened for user root(uid=0) by root(uid=0)
CRON: pam_unix(cron:session): session opened for user root(uid=0) by root(uid=0)
CRON: pam_unix(cron:session): session opened for user root(uid=0) by root(uid=0)
CRON: pam_unix(cron:session): session opened for user root(uid=0) by root(uid=0)
CRON: pam_unix(cron:session): session opened for user root(uid=0) by root(uid=0)
CRON: pam_unix(cron:session): session opened for user root(uid=0) by root(uid=0)
CRON: pam_unix(cron:session): session opened for user root(uid=0) by root(uid=0)
CRON: pam_unix(cron:session): session opened for user root(uid=0) by root(uid=0)
CRON: pam_unix(cron:session): session opened for user root(uid=0) by root(uid=0)
CRON: pam_unix(cron:session): session opened for user root(uid=0) by root(uid=0)
CRON: pam_unix(cron:session): session opened for user root(uid=0) by root(uid=0)
CRON: pam_unix(cron:session): session opened for user root(uid=0) by root(uid=0)
CRON: pam_unix(cron:session): session opened for user root(uid=0) by root(uid=0)
CRON: pam_unix(cron:session): session opened for user root(uid=0) by root(uid=0)
CRON: pam_unix(cron:session): session opened for user root(uid=0) by root(uid=0)
CRON: pam_unix(cron:session): session opened for user root(uid=0) by root(uid=0)
CRON: pam_unix(cron:session): session opened for user root(uid=0) by root(uid=0)
CRON: pam_unix(cron:session): session opened for user root(uid=0) by root(uid=0)
CRON: pam_unix(cron:session): session opened for user root(uid=0) by root(uid=0)
CRON: pam_unix(cron:session): session opened for user root(uid=0) by root(uid=0)
CRON: pam_unix(cron:session): session opened for user root(uid=0) by root(uid=0)
CRON: pam_unix(cron:session): session opened for user root(uid=0) by root(uid=0)
CRON: pam_unix(cron:session): session opened for user root(uid=0) by root(uid=0)
CRON: pam_unix(cron:session): session opened for user root(uid=0) by root(uid=0)
CRON: pam_unix(cron:session): session opened for user root(uid=0) by root(uid=0)
CRON: pam_unix(cron:session): session opened for user root(uid=0) by root(uid=0)
CRON: pam_unix(cron:session): session opened for user root(uid=0) by root(uid=0)
CRON: pam_unix(cron:session): session opened for user root(uid=0) by root(uid=0)
CRON: pam_unix(cron:session): session opened for user root(uid=0) by root(uid=0)
CRON: pam_unix(cron:session): session opened for user root(uid=0) by root(uid=0)
CRON: pam_unix(cron:session): session opened for user root(uid=0) by root(uid=0)
CRON: pam_unix(cron:session): session opened for user root(uid=0) by root(uid=0)
CRON: pam_unix(cron:session): session opened for user root(uid=0) by root(uid=0)
CRON: pam_unix(cron:session): session opened for user root(uid=0) by root(uid=0)
CRON: pam_unix(cron:session): session opened for user root(uid=0) by root(uid=0)
CRON: pam_unix(cron:session): session opened for user root(uid=0) by root(uid=0)
CRON: pam_unix(cron:session): session opened for user root(uid=0) by root(uid=0)
CRON: pam_unix(cron:session): session opened for user root(uid=0) by root(uid=0)
CRON: pam_unix(cron:session): session opened for user root(uid=0) by root(uid=0)
CRON: pam_unix(cron:session): session opened for user root(uid=0) by root(uid=0)
CRON: pam_unix(cron:session): session opened for user root(uid=0) by root(uid=0)
CRON: pam_unix(cron:session): session opened for user root(uid=0) by root(uid=0)
CRON: pam_unix(cron:session): session opened for user root(uid=0) by root(uid=0)
CRON: pam_unix(cron:session): session opened for user root(uid=0) by root(uid=0)
CRON: pam_unix(cron:session): session opened for user root(uid=0) by root(uid=0)
CRON: pam_unix(cron:session): session opened for user root(uid=0) by root(uid=0)
CRON: pam_unix(cron:session): session opened for user root(uid=0) by root(uid=0)
CRON: pam_unix(cron:session): session opened for user root(uid=0) by root(uid=0)
CRON: pam_unix(cron:session): session opened for user root(uid=0) by root(uid=0)
CRON: pam_unix(cron:session): session opened for user root(uid=0) by root(uid=0)
CRON: pam_unix(cron:session): session opened for user root(uid=0) by root(uid=0)
CRON: pam_unix(cron:session): session opened for user root(uid=0) by root(uid=0)
CRON: pam_unix(cron:session): session opened for user root(uid=0) by root(uid=0)
CRON: pam_unix(cron:session): session opened for user root(uid=0) by root(uid=0)
CRON: pam_unix(cron:session): session opened for user root(uid=0) by root(uid=0)
CRON: pam_unix(cron:session): session opened for user root(uid=0) by root(uid=0)
CRON: pam_unix(cron:session): session opened for user root(uid=0) by root(uid=0)
CRON: pam_unix(cron:session): session opened for user root(uid=0) by root(uid=0)
CRON: pam_unix(cron:session): session opened for user root(uid=0) by root(uid=0)
CRON: pam_unix(cron:session): session opened for user root(uid=0) by root(uid=0)
CRON: pam_unix(cron:session): session opened for user root(uid=0) by root(uid=0)
CRON: pam_unix(cron:session): session opened for user root(uid=0) by root(uid=0)
CRON: pam_unix(cron:session): session opened for user root(uid=0) by root(uid=0)
CRON: pam_unix(cron:session): session opened for user root(uid=0) by root(uid=0)
CRON: pam_unix(cron:session): session opened for user root(uid=0) by root(uid=0)
CRON: pam_unix(cron:session): session opened for user root(uid=0) by root(uid=0)
CRON: pam_unix(cron:session): session opened for user root(uid=0) by root(uid=0)
CRON: pam_unix(cron:session): session opened for user root(uid=0) by root(uid=0)
CRON: pam_unix(cron:session): session opened for user root(uid=0) by root(uid=0)
CRON: pam_unix(cron:session): session opened for user root(uid=0) by root(uid=0)
CRON: pam_unix(cron:session): session opened for user root(uid=0) by root(uid=0)
CRON: pam_unix(cron:session): session opened for user root(uid=0) by root(uid=0)
CRON: pam_unix(cron:session): session opened for user root(uid=0) by root(uid=0)
CRON: pam_unix(cron:session): session opened for user root(uid=0) by root(uid=0)
CRON: pam_unix(cron:session): session opened for user root(uid=0) by root(uid=0)
CRON: pam_unix(cron:session): session opened for user root(uid=0) by root(uid=0)
CRON: pam_unix(cron:session): session opened for user root(uid=0) by root(uid=0)
CRON: pam_unix(cron:session): session opened for user root(uid=0) by root(uid=0)
CRON: pam_unix(cron:session): session opened for user root(uid=0) by root(uid=0)
CRON: pam_unix(cron:session): session opened for user root(uid=0) by root(uid=0)
CRON: pam_unix(cron:session): session opened for user root(uid=0) by root(uid=0)
CRON: pam_unix(cron:session): session opened for user root(uid=0) by root(uid=0)
CRON: pam_unix(cron:session): session opened for user root(uid=0) by root(uid=0)
CRON: pam_unix(cron:session): session opened for user root(uid=0) by root(uid=0)
CRON: pam_unix(cron:session): session opened for user root(uid=0) by root(uid=0)
CRON: pam_unix(cron:session): session opened for user root(uid=0) by root(uid=0)
CRON: pam_unix(cron:session): session opened for user root(uid=0) by root(uid=0)
CRON: pam_unix(cron:session): session opened for user root(uid=0) by root(uid=0)
CRON: pam_unix(cron:session): session opened for user root(uid=0) by root(uid=0)
CRON: pam_unix(cron:session): session opened for user root(uid=0) by root(uid=0)
CRON: pam_unix(cron:session): session opened for user root(uid=0) by root(uid=0)
CRON: pam_unix(cron:session): session opened for user root(uid=0) by root(uid=0)
CRON: pam_unix(cron:session): session opened for user root(uid=0) by root(uid=0)
sshd: Accepted publickey for root from 172.16.8.4 port 37606 ssh2: RSA SHA256:zkWq/Bua2RpOaj5JEAPbhENdS81nlYhMS+Py4hD+AOk
sshd: Accepted publickey for root from 172.16.8.4 port 38194 ssh2: RSA SHA256:zkWq/Bua2RpOaj5JEAPbhENdS81nlYhMS+Py4hD+AOk
sshd: Accepted publickey for root from 172.16.8.4 port 43110 ssh2: RSA SHA256:zkWq/Bua2RpOaj5JEAPbhENdS81nlYhMS+Py4hD+AOk
sshd: Accepted publickey for root from 172.16.8.4 port 49630 ssh2: RSA SHA256:zkWq/Bua2RpOaj5JEAPbhENdS81nlYhMS+Py4hD+AOk
sshd: Accepted publickey for root from 172.16.8.4 port 54852 ssh2: RSA SHA256:zkWq/Bua2RpOaj5JEAPbhENdS81nlYhMS+Py4hD+AOk
sshd: Accepted publickey for root from 172.16.8.4 port 59360 ssh2: RSA SHA256:zkWq/Bua2RpOaj5JEAPbhENdS81nlYhMS+Py4hD+AOk
sshd: Disconnected from user root 172.16.8.4 port 37606
sshd: Disconnected from user root 172.16.8.4 port 38194
sshd: Disconnected from user root 172.16.8.4 port 43110
sshd: Disconnected from user root 172.16.8.4 port 54852
sshd: Disconnected from user root 172.16.8.4 port 59360
sshd: pam_unix(sshd:session): session closed for user root
sshd: pam_unix(sshd:session): session closed for user root
sshd: pam_unix(sshd:session): session closed for user root
sshd: pam_unix(sshd:session): session closed for user root
sshd: pam_unix(sshd:session): session closed for user root
sshd: pam_unix(sshd:session): session opened for user root(uid=0) by root(uid=0)
sshd: pam_unix(sshd:session): session opened for user root(uid=0) by root(uid=0)
sshd: pam_unix(sshd:session): session opened for user root(uid=0) by root(uid=0)
sshd: pam_unix(sshd:session): session opened for user root(uid=0) by root(uid=0)
sshd: pam_unix(sshd:session): session opened for user root(uid=0) by root(uid=0)
sshd: pam_unix(sshd:session): session opened for user root(uid=0) by root(uid=0)
sshd: Received disconnect from 172.16.8.4 port 37606:11: disconnected by user
sshd: Received disconnect from 172.16.8.4 port 38194:11: disconnected by user
sshd: Received disconnect from 172.16.8.4 port 43110:11: disconnected by user
sshd: Received disconnect from 172.16.8.4 port 54852:11: disconnected by user
sshd: Received disconnect from 172.16.8.4 port 59360:11: disconnected by user
systemd-logind: New session 532 of user root.
systemd-logind: New session 616 of user root.
systemd-logind: New session 619 of user root.
systemd-logind: New session 621 of user root.
systemd-logind: New session 625 of user root.
systemd-logind: New session 627 of user root.
systemd-logind: Removed session 532.
systemd-logind: Removed session 616.
systemd-logind: Removed session 619.
systemd-logind: Removed session 621.
systemd-logind: Removed session 625.
systemd-logind: Session 532 logged out. Waiting for processes to exit.
systemd-logind: Session 616 logged out. Waiting for processes to exit.
systemd-logind: Session 619 logged out. Waiting for processes to exit.
systemd-logind: Session 621 logged out. Waiting for processes to exit.
systemd-logind: Session 625 logged out. Waiting for processes to exit.

root@eltex-practice2-v4:~# find /var/log -name "auth.log" -exec sed -E 's/^[^ ]+ [^ ]+ ([^[]+)\[[0-9]+\]: (.*)/\1: \2/' {} \; | awk -F': ' '{print $1}' | sort | uniq -c | sort -rn
    420 CRON
     27 sshd
     16 systemd-logind
      1 2026-07-13T04:34:12.447517+00:00 localhost (systemd)
      1 2026-07-13T04:15:20.797483+00:00 localhost (systemd)
      1 2026-07-12T16:50:17.751753+00:00 localhost (systemd)

root@eltex-practice2-v4:~# awk -F: '$7 == "/usr/sbin/nologin" {print $3 "," $1}' /etc/passwd | sort -t',' -k1 -rn | while IFS=',' read uid username; do echo "$uid, $username, $(awk -F: -v u="$username" '$4 ~ u {print $1}' /etc/group | paste -sd, -)"; done
65534, nobody, 
1003, user3, users,rangers
998, systemd-network, 
997, systemd-timesync, 
992, systemd-resolve, 
991, polkitd, 
989, fwupd-refresh, 
109, sshd, 
108, usbmux, 
107, landscape, 
105, tcpdump, 
104, uuidd, 
103, syslog, adm
101, messagebus, 
42, _apt, 
39, irc, 
38, list, 
34, backup, 
33, www-data, 
13, proxy, 
10, uucp, 
9, news, 
8, mail, 
7, lp, 
6, man, 
5, games, 
3, sys, adm
2, bin, 
1, daemon, 

root@eltex-practice2-v4:~# dmesg | grep "kernel"
[    0.000000] kernel: Linux version 6.8.0-134-generic (buildd@lcy02-amd64-007) (x86_64-linux-gnu-gcc-13 (Ubuntu 13.3.0-6ubuntu2~24.04.1) 13.3.0, GNU ld (GNU Binutils for Ubuntu) 2.42) #134-Ubuntu SMP PREEMPT_DYNAMIC Fri Jun 26 18:43:11 UTC 2026 (Ubuntu 6.8.0-134.134-generic 6.8.12)
[    0.000000] kernel: Command line: BOOT_IMAGE=/vmlinuz-6.8.0-134-generic root=/dev/mapper/ubuntu--vg-ubuntu--lv ro
[    0.000000] kernel: KERNEL supported cpus:
[    0.000000] kernel:   Intel GenuineIntel
[    0.000000] kernel:   AMD AuthenticAMD
[    0.000000] kernel:   Hygon HygonGenuine
[    0.000000] kernel:   Centaur CentaurHauls
[    0.000000] kernel:   zhaoxin   Shanghai  
[    0.000000] kernel: BIOS-provided physical RAM map:
[    0.000000] kernel: BIOS-e820: [mem 0x0000000000000000-0x000000000009fbff] usable
[    0.000000] kernel: BIOS-e820: [mem 0x000000000009fc00-0x000000000009ffff] reserved
[    0.000000] kernel: BIOS-e820: [mem 0x00000000000f0000-0x00000000000fffff] reserved
[    0.000000] kernel: BIOS-e820: [mem 0x0000000000100000-0x00000000bffd9fff] usable
[    0.000000] kernel: BIOS-e820: [mem 0x00000000bffda000-0x00000000bfffffff] reserved
[    0.000000] kernel: BIOS-e820: [mem 0x00000000feffc000-0x00000000feffffff] reserved
[    0.000000] kernel: BIOS-e820: [mem 0x00000000fffc0000-0x00000000ffffffff] reserved
[    0.000000] kernel: BIOS-e820: [mem 0x0000000100000000-0x000000013fffffff] usable
[    0.000000] kernel: BIOS-e820: [mem 0x000000fd00000000-0x000000ffffffffff] reserved
[    0.000000] kernel: NX (Execute Disable) protection: active
[    0.000000] kernel: APIC: Static calls initialized
[    0.000000] kernel: SMBIOS 2.8 present.
[    0.000000] kernel: DMI: QEMU Standard PC (i440FX + PIIX, 1996), BIOS rel-1.17.0-0-gb52ca86e094d-prebuilt.qemu.org 04/01/2014
[    0.000000] kernel: Hypervisor detected: KVM
[    0.000000] kernel: kvm-clock: Using msrs 4b564d01 and 4b564d00
[    0.000001] kernel: kvm-clock: using sched offset of 306700982185 cycles
[    0.000004] kernel: clocksource: kvm-clock: mask: 0xffffffffffffffff max_cycles: 0x1cd42e4dffb, max_idle_ns: 881590591483 ns
[    0.000007] kernel: tsc: Detected 3399.996 MHz processor
[    0.001177] kernel: e820: update [mem 0x00000000-0x00000fff] usable ==> reserved
[    0.001182] kernel: e820: remove [mem 0x000a0000-0x000fffff] usable
[    0.133836] kernel: AGP: No AGP bridge found
[    0.134729] kernel: last_pfn = 0x140000 max_arch_pfn = 0x400000000
[    0.134784] kernel: MTRR map: 4 entries (3 fixed + 1 variable; max 19), built from 8 variable MTRRs
[    0.134789] kernel: x86/PAT: Configuration [0-7]: WB  WC  UC- UC  WB  WP  UC- WT  
[    0.134861] kernel: last_pfn = 0xbffda max_arch_pfn = 0x400000000
[    0.136902] kernel: found SMP MP-table at [mem 0x000f5490-0x000f549f]
[    0.137288] kernel: RAMDISK: [mem 0x2edf1000-0x336effff]
[    0.137758] kernel: ACPI: Early table checksum verification disabled
[    0.137762] kernel: ACPI: RSDP 0x00000000000F5290 000014 (v00 BOCHS )
[    0.137769] kernel: ACPI: RSDT 0x00000000BFFE3B52 000034 (v01 BOCHS  BXPC     00000001 BXPC 00000001)
[    0.137777] kernel: ACPI: FACP 0x00000000BFFE396C 000074 (v01 BOCHS  BXPC     00000001 BXPC 00000001)
[    0.137784] kernel: ACPI: DSDT 0x00000000BFFDF040 00492C (v01 BOCHS  BXPC     00000001 BXPC 00000001)
[    0.137790] kernel: ACPI: FACS 0x00000000BFFDF000 000040
[    0.137796] kernel: ACPI: APIC 0x00000000BFFE39E0 000080 (v03 BOCHS  BXPC     00000001 BXPC 00000001)
[    0.137799] kernel: ACPI: SSDT 0x00000000BFFE3A60 0000CA (v01 BOCHS  VMGENID  00000001 BXPC 00000001)
[    0.137804] kernel: ACPI: WAET 0x00000000BFFE3B2A 000028 (v01 BOCHS  BXPC     00000001 BXPC 00000001)
[    0.137808] kernel: ACPI: Reserving FACP table memory at [mem 0xbffe396c-0xbffe39df]
[    0.137810] kernel: ACPI: Reserving DSDT table memory at [mem 0xbffdf040-0xbffe396b]
[    0.137811] kernel: ACPI: Reserving FACS table memory at [mem 0xbffdf000-0xbffdf03f]
[    0.137812] kernel: ACPI: Reserving APIC table memory at [mem 0xbffe39e0-0xbffe3a5f]
[    0.137813] kernel: ACPI: Reserving SSDT table memory at [mem 0xbffe3a60-0xbffe3b29]
[    0.137814] kernel: ACPI: Reserving WAET table memory at [mem 0xbffe3b2a-0xbffe3b51]
[    0.138353] kernel: No NUMA configuration found
[    0.138356] kernel: Faking a node at [mem 0x0000000000000000-0x000000013fffffff]
[    0.138367] kernel: NODE_DATA(0) allocated [mem 0x13ffd2000-0x13fffcfff]
[    0.138556] kernel: Zone ranges:
[    0.138558] kernel:   DMA      [mem 0x0000000000001000-0x0000000000ffffff]
[    0.138560] kernel:   DMA32    [mem 0x0000000001000000-0x00000000ffffffff]
[    0.138564] kernel:   Normal   [mem 0x0000000100000000-0x000000013fffffff]
[    0.138566] kernel:   Device   empty
[    0.138567] kernel: Movable zone start for each node
[    0.138569] kernel: Early memory node ranges
[    0.138569] kernel:   node   0: [mem 0x0000000000001000-0x000000000009efff]
[    0.138571] kernel:   node   0: [mem 0x0000000000100000-0x00000000bffd9fff]
[    0.138573] kernel:   node   0: [mem 0x0000000100000000-0x000000013fffffff]
[    0.138574] kernel: Initmem setup node 0 [mem 0x0000000000001000-0x000000013fffffff]
[    0.138709] kernel: On node 0, zone DMA: 1 pages in unavailable ranges
[    0.138724] kernel: On node 0, zone DMA: 97 pages in unavailable ranges
[    0.145850] kernel: On node 0, zone Normal: 38 pages in unavailable ranges
[    0.147924] kernel: ACPI: PM-Timer IO Port: 0x608
[    0.147942] kernel: ACPI: LAPIC_NMI (acpi_id[0xff] dfl dfl lint[0x1])
[    0.147983] kernel: IOAPIC[0]: apic_id 0, version 17, address 0xfec00000, GSI 0-23
[    0.147988] kernel: ACPI: INT_SRC_OVR (bus 0 bus_irq 0 global_irq 2 dfl dfl)
[    0.147991] kernel: ACPI: INT_SRC_OVR (bus 0 bus_irq 5 global_irq 5 high level)
[    0.147993] kernel: ACPI: INT_SRC_OVR (bus 0 bus_irq 9 global_irq 9 high level)
[    0.147994] kernel: ACPI: INT_SRC_OVR (bus 0 bus_irq 10 global_irq 10 high level)
[    0.147998] kernel: ACPI: INT_SRC_OVR (bus 0 bus_irq 11 global_irq 11 high level)
[    0.148002] kernel: ACPI: Using ACPI (MADT) for SMP configuration information
[    0.148004] kernel: smpboot: Allowing 2 CPUs, 0 hotplug CPUs
[    0.148028] kernel: kvm-guest: APIC: eoi() replaced with kvm_guest_apic_eoi_write()
[    0.148047] kernel: PM: hibernation: Registered nosave memory: [mem 0x00000000-0x00000fff]
[    0.148050] kernel: PM: hibernation: Registered nosave memory: [mem 0x0009f000-0x000fffff]
[    0.148054] kernel: PM: hibernation: Registered nosave memory: [mem 0xbffda000-0xffffffff]
[    0.148056] kernel: [mem 0xc0000000-0xfeffbfff] available for PCI devices
[    0.148058] kernel: Booting paravirtualized kernel on KVM
[    0.148061] kernel: clocksource: refined-jiffies: mask: 0xffffffff max_cycles: 0xffffffff, max_idle_ns: 1910969940391419 ns
[    0.148069] kernel: setup_percpu: NR_CPUS:8192 nr_cpumask_bits:2 nr_cpu_ids:2 nr_node_ids:1
[    0.148297] kernel: percpu: Embedded 86 pages/cpu s229376 r8192 d114688 u1048576
[    0.148303] kernel: pcpu-alloc: s229376 r8192 d114688 u1048576 alloc=1*2097152
[    0.148306] kernel: pcpu-alloc: [0] 0 1 
[    0.148338] kernel: kvm-guest: PV spinlocks enabled
[    0.148342] kernel: PV qspinlock hash table entries: 256 (order: 0, 4096 bytes, linear)
[    0.148347] kernel: Kernel command line: BOOT_IMAGE=/vmlinuz-6.8.0-134-generic root=/dev/mapper/ubuntu--vg-ubuntu--lv ro
[    0.148817] kernel: Dentry cache hash table entries: 524288 (order: 10, 4194304 bytes, linear)
[    0.149028] kernel: Inode-cache hash table entries: 262144 (order: 9, 2097152 bytes, linear)
[    0.149060] kernel: Fallback order for Node 0: 0 
[    0.149064] kernel: Built 1 zonelists, mobility grouping on.  Total pages: 1031898
[    0.149067] kernel: Policy zone: Normal
[    0.149073] kernel: mem auto-init: stack:all(zero), heap alloc:on, heap free:off
[    0.149076] kernel: AGP: Checking aperture...
[    0.252145] kernel: AGP: No AGP bridge found
[    0.253078] kernel: software IO TLB: area num 2.
[    0.270892] kernel: Memory: 3925876K/4193760K available (22528K kernel code, 4439K rwdata, 14420K rodata, 4924K init, 4788K bss, 267624K reserved, 0K cma-reserved)
[    0.301562] kernel: SLUB: HWalign=64, Order=0-3, MinObjects=0, CPUs=2, Nodes=1
[    0.301718] kernel: ftrace: allocating 58301 entries in 228 pages
[    0.313455] kernel: ftrace: allocated 228 pages with 4 groups
[    0.314368] kernel: Dynamic Preempt: voluntary
[    0.314658] kernel: rcu: Preemptible hierarchical RCU implementation.
[    0.314660] kernel: rcu:         RCU restricting CPUs from NR_CPUS=8192 to nr_cpu_ids=2.
[    0.314662] kernel:         Trampoline variant of Tasks RCU enabled.
[    0.314663] kernel:         Rude variant of Tasks RCU enabled.
[    0.314663] kernel:         Tracing variant of Tasks RCU enabled.
[    0.314664] kernel: rcu: RCU calculated value of scheduler-enlistment delay is 100 jiffies.
[    0.314666] kernel: rcu: Adjusting geometry for rcu_fanout_leaf=16, nr_cpu_ids=2
[    0.314684] kernel: RCU Tasks: Setting shift to 1 and lim to 1 rcu_task_cb_adjust=1 rcu_task_cpu_ids=2.
[    0.314687] kernel: RCU Tasks Rude: Setting shift to 1 and lim to 1 rcu_task_cb_adjust=1 rcu_task_cpu_ids=2.
[    0.314689] kernel: RCU Tasks Trace: Setting shift to 1 and lim to 1 rcu_task_cb_adjust=1 rcu_task_cpu_ids=2.
[    0.319159] kernel: NR_IRQS: 524544, nr_irqs: 440, preallocated irqs: 16
[    0.319401] kernel: rcu: srcu_init: Setting srcu_struct sizes based on contention.
[    0.319491] kernel: Console: colour dummy device 80x25
[    0.319496] kernel: printk: legacy console [tty0] enabled
[    0.319883] kernel: ACPI: Core revision 20230628
[    0.320103] kernel: APIC: Switch to symmetric I/O mode setup
[    0.320398] kernel: x2apic enabled
[    0.320799] kernel: APIC: Switched APIC routing to: physical x2apic
[    0.322417] kernel: ..TIMER: vector=0x30 apic1=0 pin1=2 apic2=-1 pin2=-1
[    0.322456] kernel: tsc: Marking TSC unstable due to TSCs unsynchronized
[    0.322466] kernel: Calibrating delay loop (skipped) preset value.. 6799.99 BogoMIPS (lpj=3399996)
[    0.322694] kernel: process: using AMD E400 aware idle routine
[    0.322703] kernel: Last level iTLB entries: 4KB 512, 2MB 255, 4MB 127
[    0.322708] kernel: Last level dTLB entries: 4KB 512, 2MB 255, 4MB 127, 1GB 0
[    0.322715] kernel: Spectre V1 : Mitigation: usercopy/swapgs barriers and __user pointer sanitization
[    0.322721] kernel: Spectre V2 : Mitigation: Retpolines
[    0.322725] kernel: Spectre V2 : Spectre v2 / SpectreRSB: Filling RSB on context switch and VMEXIT
[    0.322735] kernel: x86/fpu: x87 FPU will use FXSAVE
[    0.350485] kernel: Freeing SMP alternatives memory: 48K
[    0.350494] kernel: pid_max: default: 32768 minimum: 301
[    0.351085] kernel: LSM: initializing lsm=lockdown,capability,landlock,yama,apparmor,integrity
[    0.351276] kernel: landlock: Up and running.
[    0.351280] kernel: Yama: becoming mindful.
[    0.351344] kernel: AppArmor: AppArmor initialized
[    0.351586] kernel: Mount-cache hash table entries: 8192 (order: 4, 65536 bytes, linear)
[    0.351595] kernel: Mountpoint-cache hash table entries: 8192 (order: 4, 65536 bytes, linear)
[    0.454403] kernel: smpboot: CPU0: AMD QEMU Virtual CPU version 2.5+ (family: 0xf, model: 0x6b, stepping: 0x1)
[    0.454462] kernel: Performance Events: PMU not available due to virtualization, using software events only.
[    0.454462] kernel: signal: max sigframe size: 1440
[    0.454462] kernel: rcu: Hierarchical SRCU implementation.
[    0.454462] kernel: rcu:         Max phase no-delay instances is 400.
[    0.454499] kernel: NMI watchdog: Perf NMI watchdog permanently disabled
[    0.454557] kernel: smp: Bringing up secondary CPUs ...
[    0.454758] kernel: smpboot: x86: Booting SMP configuration:
[    0.454763] kernel: .... node  #0, CPUs:      #1
[    0.458712] kernel: smp: Brought up 1 node, 2 CPUs
[    0.458720] kernel: smpboot: Max logical packages: 1
[    0.458723] kernel: smpboot: Total of 2 processors activated (13599.98 BogoMIPS)
[    0.459153] kernel: devtmpfs: initialized
[    0.459153] kernel: x86/mm: Memory block size: 128MB
[    0.460188] kernel: clocksource: jiffies: mask: 0xffffffff max_cycles: 0xffffffff, max_idle_ns: 1911260446275000 ns
[    0.460188] kernel: futex hash table entries: 512 (order: 3, 32768 bytes, linear)
[    0.460824] kernel: pinctrl core: initialized pinctrl subsystem
[    0.461056] kernel: PM: RTC time: 15:04:45, date: 2026-07-09
[    0.461820] kernel: NET: Registered PF_NETLINK/PF_ROUTE protocol family
[    0.462078] kernel: DMA: preallocated 512 KiB GFP_KERNEL pool for atomic allocations
[    0.462114] kernel: DMA: preallocated 512 KiB GFP_KERNEL|GFP_DMA pool for atomic allocations
[    0.462151] kernel: DMA: preallocated 512 KiB GFP_KERNEL|GFP_DMA32 pool for atomic allocations
[    0.462165] kernel: audit: initializing netlink subsys (disabled)
[    0.462203] kernel: audit: type=2000 audit(1783609486.200:1): state=initialized audit_enabled=0 res=1
[    0.462203] kernel: thermal_sys: Registered thermal governor 'fair_share'
[    0.462203] kernel: thermal_sys: Registered thermal governor 'bang_bang'
[    0.462203] kernel: thermal_sys: Registered thermal governor 'step_wise'
[    0.462203] kernel: thermal_sys: Registered thermal governor 'user_space'
[    0.462203] kernel: thermal_sys: Registered thermal governor 'power_allocator'
[    0.462203] kernel: cpuidle: using governor ladder
[    0.462203] kernel: cpuidle: using governor menu
[    0.462586] kernel: acpiphp: ACPI Hot Plug PCI Controller Driver version: 0.5
[    0.462926] kernel: PCI: Using configuration type 1 for base access
[    0.463084] kernel: kprobes: kprobe jump-optimization is enabled. All kprobes are optimized if possible.
[    0.492995] kernel: HugeTLB: registered 2.00 MiB page size, pre-allocated 0 pages
[    0.493002] kernel: HugeTLB: 28 KiB vmemmap can be freed for a 2.00 MiB page
[    0.500344] kernel: fbcon: Taking over console
[    0.500379] kernel: ACPI: Added _OSI(Module Device)
[    0.500384] kernel: ACPI: Added _OSI(Processor Device)
[    0.500388] kernel: ACPI: Added _OSI(Processor Aggregator Device)
[    0.503914] kernel: ACPI: 2 ACPI AML tables successfully acquired and loaded
[    0.506514] kernel: ACPI: _OSC evaluation for CPUs failed, trying _PDC
[    0.507531] kernel: ACPI: Interpreter enabled
[    0.507545] kernel: ACPI: PM: (supports S0 S5)
[    0.507554] kernel: ACPI: Using IOAPIC for interrupt routing
[    0.507853] kernel: PCI: Using host bridge windows from ACPI; if necessary, use "pci=nocrs" and report a bug
[    0.507858] kernel: PCI: Using E820 reservations for host bridge windows
[    0.508066] kernel: ACPI: Enabled 3 GPEs in block 00 to 0F
[    0.517011] kernel: ACPI: PCI Root Bridge [PCI0] (domain 0000 [bus 00-ff])
[    0.517022] kernel: acpi PNP0A03:00: _OSC: OS supports [ASPM ClockPM Segments MSI EDR HPX-Type3]
[    0.517028] kernel: acpi PNP0A03:00: _OSC: not requesting OS control; OS requires [ExtendedConfig ASPM ClockPM MSI]
[    0.517051] kernel: acpi PNP0A03:00: fail to add MMCONFIG information, can't access extended configuration space under this bridge
[    0.517753] kernel: acpiphp: Slot [3] registered
[    0.517804] kernel: acpiphp: Slot [8] registered
[    0.517833] kernel: acpiphp: Slot [18] registered
[    0.517901] kernel: acpiphp: Slot [4] registered
[    0.517932] kernel: acpiphp: Slot [6] registered
[    0.517963] kernel: acpiphp: Slot [7] registered
[    0.517992] kernel: acpiphp: Slot [9] registered
[    0.518020] kernel: acpiphp: Slot [10] registered
[    0.518052] kernel: acpiphp: Slot [11] registered
[    0.518081] kernel: acpiphp: Slot [12] registered
[    0.518107] kernel: acpiphp: Slot [13] registered
[    0.518134] kernel: acpiphp: Slot [14] registered
[    0.518164] kernel: acpiphp: Slot [15] registered
[    0.518192] kernel: acpiphp: Slot [16] registered
[    0.518219] kernel: acpiphp: Slot [17] registered
[    0.518246] kernel: acpiphp: Slot [19] registered
[    0.518275] kernel: acpiphp: Slot [20] registered
[    0.518301] kernel: acpiphp: Slot [21] registered
[    0.518328] kernel: acpiphp: Slot [22] registered
[    0.518359] kernel: acpiphp: Slot [23] registered
[    0.518387] kernel: acpiphp: Slot [24] registered
[    0.518415] kernel: acpiphp: Slot [25] registered
[    0.518443] kernel: acpiphp: Slot [26] registered
[    0.518477] kernel: acpiphp: Slot [27] registered
[    0.518506] kernel: acpiphp: Slot [28] registered
[    0.518533] kernel: acpiphp: Slot [29] registered
[    0.518609] kernel: PCI host bridge to bus 0000:00
[    0.518615] kernel: pci_bus 0000:00: root bus resource [io  0x0000-0x0cf7 window]
[    0.518620] kernel: pci_bus 0000:00: root bus resource [io  0x0d00-0xffff window]
[    0.518624] kernel: pci_bus 0000:00: root bus resource [mem 0x000a0000-0x000bffff window]
[    0.518629] kernel: pci_bus 0000:00: root bus resource [mem 0xc0000000-0xfebfffff window]
[    0.518634] kernel: pci_bus 0000:00: root bus resource [mem 0xc000000000-0xc0a000bfff window]
[    0.518638] kernel: pci_bus 0000:00: root bus resource [bus 00-ff]
[    0.518713] kernel: pci 0000:00:00.0: [8086:1237] type 00 class 0x060000 conventional PCI endpoint
[    0.519587] kernel: pci 0000:00:01.0: [8086:7000] type 00 class 0x060100 conventional PCI endpoint
[    0.520464] kernel: pci 0000:00:01.1: [8086:7010] type 00 class 0x010180 conventional PCI endpoint
[    0.522213] kernel: pci 0000:00:01.1: BAR 4 [io  0xf0e0-0xf0ef]
[    0.522283] kernel: pci 0000:00:01.1: BAR 0 [io  0x01f0-0x01f7]: legacy IDE quirk
[    0.522288] kernel: pci 0000:00:01.1: BAR 1 [io  0x03f6]: legacy IDE quirk
[    0.522292] kernel: pci 0000:00:01.1: BAR 2 [io  0x0170-0x0177]: legacy IDE quirk
[    0.522297] kernel: pci 0000:00:01.1: BAR 3 [io  0x0376]: legacy IDE quirk
[    0.522710] kernel: pci 0000:00:01.2: [8086:7020] type 00 class 0x0c0300 conventional PCI endpoint
[    0.524529] kernel: pci 0000:00:01.2: BAR 4 [io  0xf0c0-0xf0df]
[    0.525990] kernel: pci 0000:00:01.3: [8086:7113] type 00 class 0x068000 conventional PCI endpoint
[    0.526681] kernel: pci 0000:00:01.3: quirk: [io  0x0600-0x063f] claimed by PIIX4 ACPI
[    0.526701] kernel: pci 0000:00:01.3: quirk: [io  0x0700-0x070f] claimed by PIIX4 SMB
[    0.527055] kernel: pci 0000:00:02.0: [1234:1111] type 00 class 0x030000 conventional PCI endpoint
[    0.529489] kernel: pci 0000:00:02.0: BAR 0 [mem 0xfd000000-0xfdffffff pref]
[    0.529521] kernel: pci 0000:00:02.0: BAR 2 [mem 0xfea50000-0xfea50fff]
[    0.529578] kernel: pci 0000:00:02.0: ROM [mem 0xfea40000-0xfea4ffff pref]
[    0.529666] kernel: pci 0000:00:02.0: Video device with shadowed ROM at [mem 0x000c0000-0x000dffff]
[    0.530609] kernel: pci 0000:00:03.0: [1af4:1002] type 00 class 0x00ff00 conventional PCI endpoint
[    0.532478] kernel: pci 0000:00:03.0: BAR 0 [io  0xf000-0xf03f]
[    0.532497] kernel: pci 0000:00:03.0: BAR 1 [mem 0xfea51000-0xfea51fff]
[    0.532554] kernel: pci 0000:00:03.0: BAR 4 [mem 0xc0a0000000-0xc0a0003fff 64bit pref]
[    0.535527] kernel: pci 0000:00:05.0: [1b36:0001] type 01 class 0x060400 conventional PCI bridge
[    0.538490] kernel: pci 0000:00:05.0: BAR 0 [mem 0xc000000000-0xc0000000ff 64bit]
[    0.538522] kernel: pci 0000:00:05.0: PCI bridge to [bus 01]
[    0.538566] kernel: pci 0000:00:05.0:   bridge window [io  0xe000-0xefff]
[    0.538597] kernel: pci 0000:00:05.0:   bridge window [mem 0xfe800000-0xfe9fffff]
[    0.541515] kernel: pci 0000:00:05.0:   bridge window [mem 0xc080000000-0xc09fffffff 64bit pref]
[    0.544048] kernel: pci 0000:00:08.0: [1af4:1003] type 00 class 0x078000 conventional PCI endpoint
[    0.546394] kernel: pci 0000:00:08.0: BAR 0 [io  0xf040-0xf07f]
[    0.546413] kernel: pci 0000:00:08.0: BAR 1 [mem 0xfea52000-0xfea52fff]
[    0.546478] kernel: pci 0000:00:08.0: BAR 4 [mem 0xc0a0004000-0xc0a0007fff 64bit pref]
[    0.551985] kernel: pci 0000:00:12.0: [1af4:1000] type 00 class 0x020000 conventional PCI endpoint
[    0.553478] kernel: pci 0000:00:12.0: BAR 0 [io  0xf080-0xf0bf]
[    0.553498] kernel: pci 0000:00:12.0: BAR 1 [mem 0xfea53000-0xfea53fff]
[    0.554490] kernel: pci 0000:00:12.0: BAR 4 [mem 0xc0a0008000-0xc0a000bfff 64bit pref]
[    0.554510] kernel: pci 0000:00:12.0: ROM [mem 0xfea00000-0xfea3ffff pref]
[    0.560406] kernel: pci 0000:00:1e.0: [1b36:0001] type 01 class 0x060400 conventional PCI bridge
[    0.563491] kernel: pci 0000:00:1e.0: BAR 0 [mem 0xc000001000-0xc0000010ff 64bit]
[    0.563523] kernel: pci 0000:00:1e.0: PCI bridge to [bus 02]
[    0.563568] kernel: pci 0000:00:1e.0:   bridge window [io  0xd000-0xdfff]
[    0.563600] kernel: pci 0000:00:1e.0:   bridge window [mem 0xfe600000-0xfe7fffff]
[    0.564516] kernel: pci 0000:00:1e.0:   bridge window [mem 0xc060000000-0xc07fffffff 64bit pref]
[    0.565823] kernel: pci 0000:00:1f.0: [1b36:0001] type 01 class 0x060400 conventional PCI bridge
[    0.568490] kernel: pci 0000:00:1f.0: BAR 0 [mem 0xc000002000-0xc0000020ff 64bit]
[    0.568522] kernel: pci 0000:00:1f.0: PCI bridge to [bus 03]
[    0.568566] kernel: pci 0000:00:1f.0:   bridge window [io  0xc000-0xcfff]
[    0.568598] kernel: pci 0000:00:1f.0:   bridge window [mem 0xfe400000-0xfe5fffff]
[    0.570516] kernel: pci 0000:00:1f.0:   bridge window [mem 0xc040000000-0xc05fffffff 64bit pref]
[    0.571730] kernel: pci_bus 0000:01: extended config space not accessible
[    0.572613] kernel: acpiphp: Slot [1-2] registered
[    0.572646] kernel: acpiphp: Slot [0] registered
[    0.572675] kernel: acpiphp: Slot [2] registered
[    0.572709] kernel: acpiphp: Slot [3-2] registered
[    0.572746] kernel: acpiphp: Slot [4-2] registered
[    0.572774] kernel: acpiphp: Slot [5] registered
[    0.572806] kernel: acpiphp: Slot [6-2] registered
[    0.572838] kernel: acpiphp: Slot [7-2] registered
[    0.572870] kernel: acpiphp: Slot [8-2] registered
[    0.572902] kernel: acpiphp: Slot [9-2] registered
[    0.572935] kernel: acpiphp: Slot [10-2] registered
[    0.572971] kernel: acpiphp: Slot [11-2] registered
[    0.573006] kernel: acpiphp: Slot [12-2] registered
[    0.573043] kernel: acpiphp: Slot [13-2] registered
[    0.573076] kernel: acpiphp: Slot [14-2] registered
[    0.573107] kernel: acpiphp: Slot [15-2] registered
[    0.573139] kernel: acpiphp: Slot [16-2] registered
[    0.573176] kernel: acpiphp: Slot [17-2] registered
[    0.573212] kernel: acpiphp: Slot [18-2] registered
[    0.573244] kernel: acpiphp: Slot [19-2] registered
[    0.573275] kernel: acpiphp: Slot [20-2] registered
[    0.573310] kernel: acpiphp: Slot [21-2] registered
[    0.573343] kernel: acpiphp: Slot [22-2] registered
[    0.573374] kernel: acpiphp: Slot [23-2] registered
[    0.573405] kernel: acpiphp: Slot [24-2] registered
[    0.573439] kernel: acpiphp: Slot [25-2] registered
[    0.573480] kernel: acpiphp: Slot [26-2] registered
[    0.573513] kernel: acpiphp: Slot [27-2] registered
[    0.573545] kernel: acpiphp: Slot [28-2] registered
[    0.573576] kernel: acpiphp: Slot [29-2] registered
[    0.573605] kernel: acpiphp: Slot [30] registered
[    0.573633] kernel: acpiphp: Slot [31] registered
[    0.574161] kernel: pci 0000:01:01.0: [1af4:1004] type 00 class 0x010000 conventional PCI endpoint
[    0.575478] kernel: pci 0000:01:01.0: BAR 0 [io  0xe000-0xe03f]
[    0.575497] kernel: pci 0000:01:01.0: BAR 1 [mem 0xfe800000-0xfe800fff]
[    0.575554] kernel: pci 0000:01:01.0: BAR 4 [mem 0xc080000000-0xc080003fff 64bit pref]
[    0.589631] kernel: pci 0000:00:05.0: PCI bridge to [bus 01]
[    0.590727] kernel: pci_bus 0000:02: extended config space not accessible
[    0.591070] kernel: acpiphp: Slot [0-2] registered
[    0.591498] kernel: acpiphp: Slot [1-3] registered
[    0.591530] kernel: acpiphp: Slot [2-2] registered
[    0.591563] kernel: acpiphp: Slot [3-3] registered
[    0.591598] kernel: acpiphp: Slot [4-3] registered
[    0.591630] kernel: acpiphp: Slot [5-2] registered
[    0.591661] kernel: acpiphp: Slot [6-3] registered
[    0.591692] kernel: acpiphp: Slot [7-3] registered
[    0.591724] kernel: acpiphp: Slot [8-3] registered
[    0.591755] kernel: acpiphp: Slot [9-3] registered
[    0.591792] kernel: acpiphp: Slot [10-3] registered
[    0.591828] kernel: acpiphp: Slot [11-3] registered
[    0.591862] kernel: acpiphp: Slot [12-3] registered
[    0.591894] kernel: acpiphp: Slot [13-3] registered
[    0.591926] kernel: acpiphp: Slot [14-3] registered
[    0.591958] kernel: acpiphp: Slot [15-3] registered
[    0.591990] kernel: acpiphp: Slot [16-3] registered
[    0.592022] kernel: acpiphp: Slot [17-3] registered
[    0.592064] kernel: acpiphp: Slot [18-3] registered
[    0.592097] kernel: acpiphp: Slot [19-3] registered
[    0.592128] kernel: acpiphp: Slot [20-3] registered
[    0.592161] kernel: acpiphp: Slot [21-3] registered
[    0.592196] kernel: acpiphp: Slot [22-3] registered
[    0.592230] kernel: acpiphp: Slot [23-3] registered
[    0.592262] kernel: acpiphp: Slot [24-3] registered
[    0.592298] kernel: acpiphp: Slot [25-3] registered
[    0.592331] kernel: acpiphp: Slot [26-3] registered
[    0.592363] kernel: acpiphp: Slot [27-3] registered
[    0.592395] kernel: acpiphp: Slot [28-3] registered
[    0.592429] kernel: acpiphp: Slot [29-3] registered
[    0.592475] kernel: acpiphp: Slot [30-2] registered
[    0.592508] kernel: acpiphp: Slot [31-2] registered
[    0.604114] kernel: pci 0000:00:1e.0: PCI bridge to [bus 02]
[    0.605109] kernel: pci_bus 0000:03: extended config space not accessible
[    0.605769] kernel: acpiphp: Slot [0-3] registered
[    0.605804] kernel: acpiphp: Slot [1-4] registered
[    0.605836] kernel: acpiphp: Slot [2-3] registered
[    0.605870] kernel: acpiphp: Slot [3-4] registered
[    0.605903] kernel: acpiphp: Slot [4-4] registered
[    0.605938] kernel: acpiphp: Slot [5-3] registered
[    0.605971] kernel: acpiphp: Slot [6-4] registered
[    0.606006] kernel: acpiphp: Slot [7-4] registered
[    0.606044] kernel: acpiphp: Slot [8-4] registered
[    0.606078] kernel: acpiphp: Slot [9-4] registered
[    0.606112] kernel: acpiphp: Slot [10-4] registered
[    0.606150] kernel: acpiphp: Slot [11-4] registered
[    0.606187] kernel: acpiphp: Slot [12-4] registered
[    0.606286] kernel: acpiphp: Slot [13-4] registered
[    0.606322] kernel: acpiphp: Slot [14-4] registered
[    0.606356] kernel: acpiphp: Slot [15-4] registered
[    0.606389] kernel: acpiphp: Slot [16-4] registered
[    0.606422] kernel: acpiphp: Slot [17-4] registered
[    0.606465] kernel: acpiphp: Slot [18-4] registered
[    0.606504] kernel: acpiphp: Slot [19-4] registered
[    0.606540] kernel: acpiphp: Slot [20-4] registered
[    0.606575] kernel: acpiphp: Slot [21-4] registered
[    0.606608] kernel: acpiphp: Slot [22-4] registered
[    0.606644] kernel: acpiphp: Slot [23-4] registered
[    0.606677] kernel: acpiphp: Slot [24-4] registered
[    0.606710] kernel: acpiphp: Slot [25-4] registered
[    0.606747] kernel: acpiphp: Slot [26-4] registered
[    0.606782] kernel: acpiphp: Slot [27-4] registered
[    0.606815] kernel: acpiphp: Slot [28-4] registered
[    0.606848] kernel: acpiphp: Slot [29-4] registered
[    0.606881] kernel: acpiphp: Slot [30-3] registered
[    0.606914] kernel: acpiphp: Slot [31-3] registered
[    0.618501] kernel: pci 0000:00:1f.0: PCI bridge to [bus 03]
[    0.626500] kernel: ACPI: PCI: Interrupt link LNKA configured for IRQ 10
[    0.626690] kernel: ACPI: PCI: Interrupt link LNKB configured for IRQ 10
[    0.626870] kernel: ACPI: PCI: Interrupt link LNKC configured for IRQ 11
[    0.627055] kernel: ACPI: PCI: Interrupt link LNKD configured for IRQ 11
[    0.627158] kernel: ACPI: PCI: Interrupt link LNKS configured for IRQ 9
[    0.628221] kernel: iommu: Default domain type: Translated
[    0.628225] kernel: iommu: DMA domain TLB invalidation policy: lazy mode
[    0.628699] kernel: SCSI subsystem initialized
[    0.630228] kernel: libata version 3.00 loaded.
[    0.630259] kernel: ACPI: bus type USB registered
[    0.630280] kernel: usbcore: registered new interface driver usbfs
[    0.630302] kernel: usbcore: registered new interface driver hub
[    0.630313] kernel: usbcore: registered new device driver usb
[    0.630380] kernel: pps_core: LinuxPPS API ver. 1 registered
[    0.630385] kernel: pps_core: Software ver. 5.3.6 - Copyright 2005-2007 Rodolfo Giometti <giometti@linux.it>
[    0.630396] kernel: PTP clock support registered
[    0.633468] kernel: EDAC MC: Ver: 3.0.0
[    0.638337] kernel: NetLabel: Initializing
[    0.638345] kernel: NetLabel:  domain hash size = 128
[    0.638348] kernel: NetLabel:  protocols = UNLABELED CIPSOv4 CALIPSO
[    0.638369] kernel: NetLabel:  unlabeled traffic allowed by default
[    0.638483] kernel: mctp: management component transport protocol core
[    0.638489] kernel: NET: Registered PF_MCTP protocol family
[    0.638502] kernel: PCI: Using ACPI for IRQ routing
[    0.638507] kernel: PCI: pci_cache_line_size set to 64 bytes
[    0.638915] kernel: e820: reserve RAM buffer [mem 0x0009fc00-0x0009ffff]
[    0.638920] kernel: e820: reserve RAM buffer [mem 0xbffda000-0xbfffffff]
[    0.638939] kernel: pci 0000:00:02.0: vgaarb: setting as boot VGA device
[    0.638939] kernel: pci 0000:00:02.0: vgaarb: bridge control possible
[    0.638939] kernel: pci 0000:00:02.0: vgaarb: VGA device added: decodes=io+mem,owns=io+mem,locks=none
[    0.638939] kernel: vgaarb: loaded
[    0.638939] kernel: clocksource: Switched to clocksource kvm-clock
[    0.639732] kernel: VFS: Disk quotas dquot_6.6.0
[    0.639768] kernel: VFS: Dquot-cache hash table entries: 512 (order 0, 4096 bytes)
[    0.640031] kernel: AppArmor: AppArmor Filesystem Enabled
[    0.640081] kernel: pnp: PnP ACPI init
[    0.640208] kernel: pnp 00:02: [dma 2]
[    0.640617] kernel: pnp: PnP ACPI: found 4 devices
[    0.674955] kernel: clocksource: acpi_pm: mask: 0xffffff max_cycles: 0xffffff, max_idle_ns: 2085701024 ns
[    0.675108] kernel: NET: Registered PF_INET protocol family
[    0.675166] kernel: IP idents hash table entries: 65536 (order: 7, 524288 bytes, linear)
[    0.690834] kernel: tcp_listen_portaddr_hash hash table entries: 2048 (order: 3, 32768 bytes, linear)
[    0.690849] kernel: Table-perturb hash table entries: 65536 (order: 6, 262144 bytes, linear)
[    0.690864] kernel: TCP established hash table entries: 32768 (order: 6, 262144 bytes, linear)
[    0.690921] kernel: TCP bind hash table entries: 32768 (order: 8, 1048576 bytes, linear)
[    0.690984] kernel: TCP: Hash tables configured (established 32768 bind 32768)
[    0.691074] kernel: MPTCP token hash table entries: 4096 (order: 5, 98304 bytes, linear)
[    0.691112] kernel: UDP hash table entries: 2048 (order: 4, 65536 bytes, linear)
[    0.691126] kernel: UDP-Lite hash table entries: 2048 (order: 4, 65536 bytes, linear)
[    0.691204] kernel: NET: Registered PF_UNIX/PF_LOCAL protocol family
[    0.691220] kernel: NET: Registered PF_XDP protocol family
[    0.691234] kernel: pci 0000:00:05.0: PCI bridge to [bus 01]
[    0.691260] kernel: pci 0000:00:05.0:   bridge window [io  0xe000-0xefff]
[    0.694316] kernel: pci 0000:00:05.0:   bridge window [mem 0xfe800000-0xfe9fffff]
[    0.697427] kernel: pci 0000:00:05.0:   bridge window [mem 0xc080000000-0xc09fffffff 64bit pref]
[    0.700991] kernel: pci 0000:00:1e.0: PCI bridge to [bus 02]
[    0.701010] kernel: pci 0000:00:1e.0:   bridge window [io  0xd000-0xdfff]
[    0.704096] kernel: pci 0000:00:1e.0:   bridge window [mem 0xfe600000-0xfe7fffff]
[    0.708113] kernel: pci 0000:00:1e.0:   bridge window [mem 0xc060000000-0xc07fffffff 64bit pref]
[    0.710500] kernel: pci 0000:00:1f.0: PCI bridge to [bus 03]
[    0.710521] kernel: pci 0000:00:1f.0:   bridge window [io  0xc000-0xcfff]
[    0.712275] kernel: pci 0000:00:1f.0:   bridge window [mem 0xfe400000-0xfe5fffff]
[    0.713425] kernel: pci 0000:00:1f.0:   bridge window [mem 0xc040000000-0xc05fffffff 64bit pref]
[    0.715741] kernel: pci_bus 0000:00: resource 4 [io  0x0000-0x0cf7 window]
[    0.715748] kernel: pci_bus 0000:00: resource 5 [io  0x0d00-0xffff window]
[    0.715753] kernel: pci_bus 0000:00: resource 6 [mem 0x000a0000-0x000bffff window]
[    0.715758] kernel: pci_bus 0000:00: resource 7 [mem 0xc0000000-0xfebfffff window]
[    0.715762] kernel: pci_bus 0000:00: resource 8 [mem 0xc000000000-0xc0a000bfff window]
[    0.715769] kernel: pci_bus 0000:01: resource 0 [io  0xe000-0xefff]
[    0.715774] kernel: pci_bus 0000:01: resource 1 [mem 0xfe800000-0xfe9fffff]
[    0.715778] kernel: pci_bus 0000:01: resource 2 [mem 0xc080000000-0xc09fffffff 64bit pref]
[    0.715782] kernel: pci_bus 0000:02: resource 0 [io  0xd000-0xdfff]
[    0.715787] kernel: pci_bus 0000:02: resource 1 [mem 0xfe600000-0xfe7fffff]
[    0.715791] kernel: pci_bus 0000:02: resource 2 [mem 0xc060000000-0xc07fffffff 64bit pref]
[    0.715795] kernel: pci_bus 0000:03: resource 0 [io  0xc000-0xcfff]
[    0.715800] kernel: pci_bus 0000:03: resource 1 [mem 0xfe400000-0xfe5fffff]
[    0.715803] kernel: pci_bus 0000:03: resource 2 [mem 0xc040000000-0xc05fffffff 64bit pref]
[    0.715932] kernel: pci 0000:00:01.0: PIIX3: Enabling Passive Release
[    0.715953] kernel: pci 0000:00:00.0: Limiting direct PCI/PCI transfers
[    0.717288] kernel: ACPI: \_SB_.LNKD: Enabled at IRQ 11
[    0.721034] kernel: PCI: CLS 0 bytes, default 64
[    0.721128] kernel: PCI-DMA: Using software bounce buffering for IO (SWIOTLB)
[    0.721133] kernel: software IO TLB: mapped [mem 0x00000000bbfda000-0x00000000bffda000] (64MB)
[    0.721395] kernel: Trying to unpack rootfs image as initramfs...
[    0.723890] kernel: Initialise system trusted keyrings
[    0.723907] kernel: Key type blacklist registered
[    0.724006] kernel: workingset: timestamp_bits=36 max_order=20 bucket_order=0
[    0.724022] kernel: zbud: loaded
[    0.725298] kernel: squashfs: version 4.0 (2009/01/31) Phillip Lougher
[    0.729440] kernel: fuse: init (API version 7.39)
[    0.737321] kernel: integrity: Platform Keyring initialized
[    0.737333] kernel: integrity: Machine keyring initialized
[    0.749327] kernel: Key type asymmetric registered
[    0.749334] kernel: Asymmetric key parser 'x509' registered
[    0.749365] kernel: Block layer SCSI generic (bsg) driver version 0.4 loaded (major 243)
[    0.750104] kernel: io scheduler mq-deadline registered
[    0.750474] kernel: shpchp 0000:00:05.0: Requesting control of SHPC hotplug via OSHP (\_SB_.PCI0.S28_)
[    0.750489] kernel: shpchp 0000:00:05.0: Requesting control of SHPC hotplug via OSHP (\_SB_.PCI0)
[    0.750501] kernel: shpchp 0000:00:05.0: Cannot get control of SHPC hotplug
[    0.750579] kernel: shpchp 0000:00:1e.0: Requesting control of SHPC hotplug via OSHP (\_SB_.PCI0.SF0_)
[    0.750590] kernel: shpchp 0000:00:1e.0: Requesting control of SHPC hotplug via OSHP (\_SB_.PCI0)
[    0.750598] kernel: shpchp 0000:00:1e.0: Cannot get control of SHPC hotplug
[    0.750674] kernel: shpchp 0000:00:1f.0: Requesting control of SHPC hotplug via OSHP (\_SB_.PCI0.SF8_)
[    0.750685] kernel: shpchp 0000:00:1f.0: Requesting control of SHPC hotplug via OSHP (\_SB_.PCI0)
[    0.750692] kernel: shpchp 0000:00:1f.0: Cannot get control of SHPC hotplug
[    0.750710] kernel: shpchp: Standard Hot Plug PCI Controller Driver version: 0.4
[    0.750898] kernel: input: Power Button as /devices/LNXSYSTM:00/LNXPWRBN:00/input/input0
[    0.751051] kernel: ACPI: button: Power Button [PWRF]
[    0.753397] kernel: ACPI: \_SB_.LNKC: Enabled at IRQ 10
[    0.759133] kernel: ACPI: \_SB_.LNKB: Enabled at IRQ 10
[    0.762023] kernel: ACPI: \_SB_.LNKA: Enabled at IRQ 11
[    0.772922] kernel: Free page reporting enabled
[    0.773514] kernel: Serial: 8250/16550 driver, 32 ports, IRQ sharing enabled
[    0.835226] kernel: Linux agpgart interface v0.103
[    0.838052] kernel: loop: module loaded
[    0.841589] kernel: virtio_scsi virtio3: 2/0/0 default/read/poll queues
[    0.843908] kernel: scsi host0: Virtio SCSI HBA
[    0.848714] kernel: ata_piix 0000:00:01.1: version 2.13
[    0.850369] kernel: scsi 0:0:0:0: Direct-Access     QEMU     QEMU HARDDISK    2.5+ PQ: 0 ANSI: 5
[    0.856009] kernel: scsi host1: ata_piix
[    0.856377] kernel: scsi host2: ata_piix
[    0.856416] kernel: ata1: PATA max MWDMA2 cmd 0x1f0 ctl 0x3f6 bmdma 0xf0e0 irq 14 lpm-pol 0
[    0.856422] kernel: ata2: PATA max MWDMA2 cmd 0x170 ctl 0x376 bmdma 0xf0e8 irq 15 lpm-pol 0
[    0.856505] kernel: ACPI: bus type drm_connector registered
[    0.856864] kernel: tun: Universal TUN/TAP device driver, 1.6
[    0.868714] kernel: PPP generic driver version 2.4.2
[    0.873276] kernel: uhci_hcd 0000:00:01.2: UHCI Host Controller
[    0.873288] kernel: uhci_hcd 0000:00:01.2: new USB bus registered, assigned bus number 1
[    0.874411] kernel: uhci_hcd 0000:00:01.2: detected 2 ports
[    0.874557] kernel: uhci_hcd 0000:00:01.2: irq 11, io port 0x0000f0c0
[    0.878306] kernel: usb usb1: New USB device found, idVendor=1d6b, idProduct=0001, bcdDevice= 6.08
[    0.878314] kernel: usb usb1: New USB device strings: Mfr=3, Product=2, SerialNumber=1
[    0.878320] kernel: usb usb1: Product: UHCI Host Controller
[    0.878324] kernel: usb usb1: Manufacturer: Linux 6.8.0-134-generic uhci_hcd
[    0.878327] kernel: usb usb1: SerialNumber: 0000:00:01.2
[    0.878457] kernel: hub 1-0:1.0: USB hub found
[    0.878480] kernel: hub 1-0:1.0: 2 ports detected
[    0.883341] kernel: i8042: PNP: PS/2 Controller [PNP0303:KBD,PNP0f13:MOU] at 0x60,0x64 irq 1,12
[    0.894392] kernel: serio: i8042 KBD port at 0x60,0x64 irq 1
[    0.894402] kernel: serio: i8042 AUX port at 0x60,0x64 irq 12
[    0.894748] kernel: mousedev: PS/2 mouse device common for all mice
[    0.895195] kernel: input: AT Translated Set 2 keyboard as /devices/platform/i8042/serio0/input/input1
[    0.895336] kernel: rtc_cmos 00:03: RTC can wake from S4
[    0.895939] kernel: rtc_cmos 00:03: registered as rtc0
[    0.896040] kernel: rtc_cmos 00:03: setting system clock to 2026-07-09T15:04:46 UTC (1783609486)
[    0.896148] kernel: rtc_cmos 00:03: alarms up to one day, y3k, 242 bytes nvram
[    0.896162] kernel: i2c_dev: i2c /dev entries driver
[    0.896192] kernel: device-mapper: core: CONFIG_IMA_DISABLE_HTABLE is disabled. Duplicate IMA measurements will not be recorded in the IMA log.
[    0.896222] kernel: device-mapper: uevent: version 1.0.3
[    0.896295] kernel: device-mapper: ioctl: 4.48.0-ioctl (2023-03-01) initialised: dm-devel@redhat.com
[    0.896303] kernel: amd_pstate: the _CPC object is not present in SBIOS or ACPI disabled
[    0.904240] kernel: ledtrig-cpu: registered to indicate activity on CPUs
[    0.908041] kernel: [drm] Initialized simpledrm 1.0.0 20200625 for simple-framebuffer.0 on minor 0
[    0.911664] kernel: Console: switching to colour frame buffer device 100x37
[    0.916531] kernel: simple-framebuffer simple-framebuffer.0: [drm] fb0: simpledrmdrmfb frame buffer device
[    0.917454] kernel: drop_monitor: Initializing network drop monitor service
[    0.917675] kernel: NET: Registered PF_INET6 protocol family
[    0.931999] kernel: Freeing initrd memory: 74748K
[    0.934766] kernel: sd 0:0:0:0: Power-on or device reset occurred
[    0.935218] kernel: sd 0:0:0:0: Attached scsi generic sg0 type 0
[    0.936367] kernel: sd 0:0:0:0: [sda] 67108864 512-byte logical blocks: (34.4 GB/32.0 GiB)
[    0.936545] kernel: sd 0:0:0:0: [sda] Write Protect is off
[    0.936598] kernel: sd 0:0:0:0: [sda] Mode Sense: 63 00 10 08
[    0.936748] kernel: sd 0:0:0:0: [sda] Write cache: enabled, read cache: enabled, supports DPO and FUA
[    0.950990] kernel:  sda: sda1 sda2 sda3
[    0.951162] kernel: sd 0:0:0:0: [sda] Attached SCSI disk
[    0.955292] kernel: Segment Routing with IPv6
[    0.956591] kernel: In-situ OAM (IOAM) with IPv6
[    0.959297] kernel: NET: Registered PF_PACKET protocol family
[    0.963799] kernel: Key type dns_resolver registered
[    0.969009] kernel: IPI shorthand broadcast: enabled
[    0.974036] kernel: sched_clock: Marking stable (971008597, 2053003)->(983405727, -10344127)
[    0.984454] kernel: registered taskstats version 1
[    0.994360] kernel: Loading compiled-in X.509 certificates
[    1.000361] kernel: Loaded X.509 cert 'Build time autogenerated kernel key: 79aab6b364387381d7a5d225dcfcd094a654ef62'
[    1.005121] kernel: Loaded X.509 cert 'Canonical Ltd. Live Patch Signing 2025 Kmod: d541cef61dc7e793b7eb7e899970a2eef0b5dc8c'
[    1.017265] kernel: Loaded X.509 cert 'Canonical Ltd. Live Patch Signing: 14df34d1a87cf37625abec039ef2bf521249b969'
[    1.023312] kernel: ata2: found unknown device (class 0)
[    1.029267] kernel: Loaded X.509 cert 'Canonical Ltd. Kernel Module Signing 2025 Kmod: 4627603d2357a2a3f81006370894c221175893e9'
[    1.035769] kernel: Loaded X.509 cert 'Canonical Ltd. Kernel Module Signing: 88f752e560a1e0737e31163a466ad7b70a850c19'
[    1.036259] kernel: ata2.00: ATAPI: QEMU DVD-ROM, 2.5+, max UDMA/100
[    1.046248] kernel: blacklist: Loading compiled-in revocation X.509 certificates
[    1.046799] kernel: Loaded X.509 cert 'Canonical Ltd. Secure Boot Signing: 61482aa2830d0ab2ad5af10b7250da9033ddcef0'
[    1.064651] kernel: scsi 2:0:0:0: CD-ROM            QEMU     QEMU DVD-ROM     2.5+ PQ: 0 ANSI: 5
[    1.065266] kernel: Loaded X.509 cert 'Canonical Ltd. Secure Boot Signing (2017): 242ade75ac4a15e50d50c84b0d45ff3eae707a03'
[    1.094360] kernel: Loaded X.509 cert 'Canonical Ltd. Secure Boot Signing (ESM 2018): 365188c1d374d6b07c3c8f240f8ef722433d6a8b'
[    1.101480] kernel: Loaded X.509 cert 'Canonical Ltd. Secure Boot Signing (2019): c0746fd6c5da3ae827864651ad66ae47fe24b3e8'
[    1.107250] kernel: Loaded X.509 cert 'Canonical Ltd. Secure Boot Signing (2021 v1): a8d54bbb3825cfb94fa13c9f8a594a195c107b8d'
[    1.109863] kernel: Loaded X.509 cert 'Canonical Ltd. Secure Boot Signing (2021 v2): 4cf046892d6fd3c9a5b03f98d845f90851dc6a8c'
[    1.110299] kernel: usb 1-1: new full-speed USB device number 2 using uhci_hcd
[    1.118899] kernel: Loaded X.509 cert 'Canonical Ltd. Secure Boot Signing (2021 v3): 100437bb6de6e469b581e61cd66bce3ef4ed53af'
[    1.118921] kernel: Loaded X.509 cert 'Canonical Ltd. Secure Boot Signing (Ubuntu Core 2019): c1d57b8f6b743f23ee41f4f7ee292f06eecadfb9'
[    1.129175] kernel: Key type .fscrypt registered
[    1.144325] kernel: Key type fscrypt-provisioning registered
[    1.223242] kernel: sr 2:0:0:0: [sr0] scsi3-mmc drive: 4x/4x cd/rw xa/form2 tray
[    1.231446] kernel: cdrom: Uniform CD-ROM driver Revision: 3.20
[    1.248754] kernel: cryptd: max_cpu_qlen set to 1000
[    1.256307] kernel: sr 2:0:0:0: Attached scsi CD-ROM sr0
[    1.257615] kernel: sr 2:0:0:0: Attached scsi generic sg1 type 5
[    1.319141] kernel: SSE version of gcm_enc/dec engaged.
[    1.394739] kernel: usb 1-1: New USB device found, idVendor=0627, idProduct=0001, bcdDevice= 0.00
[    1.396070] kernel: usb 1-1: New USB device strings: Mfr=1, Product=3, SerialNumber=10
[    1.397348] kernel: usb 1-1: Product: QEMU USB Tablet
[    1.402726] kernel: Key type encrypted registered
[    1.408640] kernel: usb 1-1: Manufacturer: QEMU
[    1.408642] kernel: usb 1-1: SerialNumber: 28754-0000:00:01.2-1
[    1.423370] kernel: AppArmor: AppArmor sha256 policy hashing enabled
[    1.429359] kernel: ima: No TPM chip found, activating TPM-bypass!
[    1.430710] kernel: Loading compiled-in module X.509 certificates
[    1.441932] kernel: Loaded X.509 cert 'Build time autogenerated kernel key: 79aab6b364387381d7a5d225dcfcd094a654ef62'
[    1.450949] kernel: ima: Allocated hash algorithm: sha256
[    1.454762] kernel: ima: No architecture policies found[    1.456109] kernel: evm: Initialising EVM extended attributes:
[    1.457237] kernel: evm: security.selinux
[    1.464203] kernel: evm: security.SMACK64
[    1.465276] kernel: evm: security.SMACK64EXEC
[    1.466307] kernel: evm: security.SMACK64TRANSMUTE
[    1.470442] kernel: evm: security.SMACK64MMAP
[    1.471405] kernel: evm: security.apparmor
[    1.472342] kernel: evm: security.ima
[    1.476805] kernel: evm: security.capability
[    1.477673] kernel: evm: HMAC attrs: 0x1
[    1.479045] kernel: PM:   Magic number: 2:785:82
[    1.484852] kernel: powernow_k8: Power state transitions not supported
[    1.486767] kernel: powernow_k8: Power state transitions not supported
[    1.548601] kernel: RAS: Correctable Errors collector initialized.
[    1.549705] kernel: clk: Disabling unused clocks
[    1.564017] kernel: Freeing unused decrypted memory: 2028K
[    1.572738] kernel: Freeing unused kernel image (initmem) memory: 4924K
[    1.573672] kernel: Write protecting the kernel read-only data: 38912k
[    1.586871] kernel: Freeing unused kernel image (rodata/data gap) memory: 1964K
[    1.734818] kernel: x86/mm: Checked W+X mappings: passed, no W+X pages found.
[    1.736939] kernel: Run /init as init process
[    1.738118] kernel:   with arguments:
[    1.738120] kernel:     /init
[    1.738122] kernel:   with environment:
[    1.738124] kernel:     HOME=/
[    1.738125] kernel:     TERM=linux
[    2.066978] kernel: virtio_net virtio2 ens18: renamed from eth0
[    2.127571] kernel: FDC 0 is a S82078B
[    2.205831] kernel: hid: raw HID events driver (C) Jiri Kosina
[    2.241040] kernel: input: VirtualPS/2 VMware VMMouse as /devices/platform/i8042/serio1/input/input4
[    2.244762] kernel: Console: switching to colour dummy device 80x25
[    2.244891] kernel: input: VirtualPS/2 VMware VMMouse as /devices/platform/i8042/serio1/input/input3
[    2.260756] kernel: bochs-drm 0000:00:02.0: vgaarb: deactivate vga console
[    2.260843] kernel: [drm] Found bochs VGA, ID 0xb0c5.
[    2.260847] kernel: [drm] Framebuffer size 16384 kB @ 0xfd000000, mmio @ 0xfea50000.
[    2.271727] kernel: [drm] Found EDID data blob.
[    2.271839] kernel: [drm] Initialized bochs-drm 1.0.0 20130925 for 0000:00:02.0 on minor 0
[    2.272429] kernel: fbcon: bochs-drmdrmfb (fb0) is primary device
[    2.305410] kernel: usbcore: registered new interface driver usbhid
[    2.305413] kernel: usbhid: USB HID core driver
[    2.318563] kernel: input: QEMU QEMU USB Tablet as /devices/pci0000:00/0000:00:01.2/usb1/1-1/1-1:1.0/0003:0627:0001.0001/input/input5
[    2.319316] kernel: hid-generic 0003:0627:0001.0001: input,hidraw0: USB HID v0.01 Mouse [QEMU QEMU USB Tablet] on usb-0000:00:01.2-1/input0
[    2.383333] kernel: Console: switching to colour frame buffer device 160x50
[    2.388178] kernel: bochs-drm 0000:00:02.0: [drm] fb0: bochs-drmdrmfb frame buffer device
[    2.846081] kernel: random: crng init done
[    3.236159] kernel: raid6: sse2x4   gen() 12483 MB/s
[    3.253071] kernel: raid6: sse2x2   gen()  2922 MB/s
[    3.270076] kernel: raid6: sse2x1   gen()  1230 MB/s
[    3.270088] kernel: raid6: using algorithm sse2x4 gen() 12483 MB/s
[    3.287073] kernel: raid6: .... xor() 5767 MB/s, rmw enabled
[    3.287086] kernel: raid6: using ssse3x2 recovery algorithm
[    3.288450] kernel: xor: measuring software checksum speed
[    3.288608] kernel:    prefetch64-sse  : 22453 MB/sec
[    3.288784] kernel:    generic_sse     : 19816 MB/sec
[    3.288795] kernel: xor: using function: prefetch64-sse (22453 MB/sec)
[    3.289770] kernel: async_tx: api initialized (async)
[    3.570199] kernel: workqueue: do_free_init hogged CPU for >10000us 4 times, consider switching to WQ_UNBOUND
[    3.850198] kernel: Btrfs loaded, zoned=yes, fsverity=yes
[    4.015052] kernel: workqueue: drm_fb_helper_damage_work hogged CPU for >10000us 4 times, consider switching to WQ_UNBOUND
[    4.534480] kernel: EXT4-fs (dm-0): mounted filesystem 78dfc1ab-05ce-40b9-a2f8-2f3e03168145 ro with ordered data mode. Quota mode: none.
[    4.735064] kernel: workqueue: drm_fb_helper_damage_work hogged CPU for >10000us 8 times, consider switching to WQ_UNBOUND
[    5.976410] kernel: workqueue: update_balloon_size_func hogged CPU for >10000us 4 times, consider switching to WQ_UNBOUND
[    7.388173] kernel: workqueue: update_balloon_size_func hogged CPU for >10000us 8 times, consider switching to WQ_UNBOUND
[   34.778065] kernel: workqueue: drm_fb_helper_damage_work hogged CPU for >10000us 16 times, consider switching to WQ_UNBOUND
[  126.921520] systemd[1]: Listening on systemd-udevd-kernel.socket - udev Kernel Socket.
[  127.157950] systemd[1]: Mounting sys-kernel-debug.mount - Kernel Debug File System...
[  127.159663] systemd[1]: Mounting sys-kernel-tracing.mount - Kernel Trace File System...
[  128.036190] systemd[1]: Mounting sys-kernel-config.mount - Kernel Configuration File System...
[  128.080574] systemd[1]: Mounted sys-kernel-debug.mount - Kernel Debug File System.
[  128.081746] systemd[1]: Mounted sys-kernel-tracing.mount - Kernel Trace File System.
[  128.084191] systemd[1]: Mounted sys-kernel-config.mount - Kernel Configuration File System.
[  128.550213] kernel: EXT4-fs (dm-0): re-mounted 78dfc1ab-05ce-40b9-a2f8-2f3e03168145 r/w.
[  129.327064] kernel: workqueue: drm_fb_helper_damage_work hogged CPU for >10000us 32 times, consider switching to WQ_UNBOUND
[  129.887037] kernel: Adding 3261436k swap on /swap.img.  Priority:-2 extents:7 across:5735424k 
[  152.974345] kernel: piix4_smbus 0000:00:01.3: SMBus Host Controller at 0x700, revision 0
[  170.308988] kernel: EXT4-fs (sda2): mounted filesystem c3f8f018-f5f7-4a5d-92a1-12ee87108672 r/w with ordered data mode. Quota mode: none.
[  171.255065] kernel: workqueue: drm_fb_helper_damage_work hogged CPU for >10000us 64 times, consider switching to WQ_UNBOUND
[  174.211391] kernel: cfg80211: Loading compiled-in X.509 certificates for regulatory database
[  174.212362] kernel: Loaded X.509 cert 'sforshee: 00b28ddf47aef9cea7'
[  174.212515] kernel: Loaded X.509 cert 'wens: 61c038651aabdcf94bd0ac7ff06c7248db18c600'
[  178.452462] kernel: audit: type=1400 audit(1783609664.056:2): apparmor="STATUS" operation="profile_load" profile="unconfined" name="Discord" pid=568 comm="apparmor_parser"
[  178.452469] kernel: audit: type=1400 audit(1783609664.056:3): apparmor="STATUS" operation="profile_load" profile="unconfined" name="1password" pid=567 comm="apparmor_parser"
[  178.461933] kernel: audit: type=1400 audit(1783609664.065:4): apparmor="STATUS" operation="profile_load" profile="unconfined" name=4D6F6E676F444220436F6D70617373 pid=569 comm="apparmor_parser"
[  178.471778] kernel: audit: type=1400 audit(1783609664.075:5): apparmor="STATUS" operation="profile_load" profile="unconfined" name="QtWebEngineProcess" pid=570 comm="apparmor_parser"
[  178.487140] kernel: audit: type=1400 audit(1783609664.091:6): apparmor="STATUS" operation="profile_load" profile="unconfined" name="balena-etcher" pid=571 comm="apparmor_parser"
[  178.499168] kernel: audit: type=1400 audit(1783609664.103:7): apparmor="STATUS" operation="profile_load" profile="unconfined" name="brave" pid=572 comm="apparmor_parser"
[  178.569865] kernel: audit: type=1400 audit(1783609664.173:8): apparmor="STATUS" operation="profile_load" profile="unconfined" name="buildah" pid=573 comm="apparmor_parser"
[  178.569869] kernel: audit: type=1400 audit(1783609664.173:9): apparmor="STATUS" operation="profile_load" profile="unconfined" name="busybox" pid=574 comm="apparmor_parser"
[  178.571388] kernel: audit: type=1400 audit(1783609664.175:10): apparmor="STATUS" operation="profile_load" profile="unconfined" name="cam" pid=575 comm="apparmor_parser"
[  178.571508] kernel: audit: type=1400 audit(1783609664.175:11): apparmor="STATUS" operation="profile_load" profile="unconfined" name="ch-checkns" pid=576 comm="apparmor_parser"
[  184.301099] kernel: kauditd_printk_skb: 109 callbacks suppressed
[  184.301103] kernel: audit: type=1400 audit(1783609669.904:121): apparmor="STATUS" operation="profile_replace" info="same as current profile, skipping" profile="unconfined" name="rsyslogd" pid=704 comm="apparmor_parser"

root@eltex-practice2-v4:~# wc -l /var/log/kern.log
22 /var/log/kern.log

root@eltex-practice2-v4:~# awk '/Commandline:/ || /Start-Date:/ || /End-Date:/' /var/log/apt/history.log | paste -d '; ' - - -
Start-Date: 2025-02-16  20:51:22; Commandline: apt-get install --reinstall apt; End-Date: 2025-02-16  20:51:24
Start-Date: 2025-02-16  20:51:26; Commandline: apt-get install --reinstall base-files; End-Date: 2025-02-16  20:51:28
Start-Date: 2025-02-16  20:51:31; Commandline: apt-get install --reinstall base-passwd; End-Date: 2025-02-16  20:51:32
Start-Date: 2025-02-16  20:51:35; Commandline: apt-get install --reinstall bash; End-Date: 2025-02-16  20:51:37
Start-Date: 2025-02-16  20:51:39; Commandline: apt-get install --reinstall bsdutils; End-Date: 2025-02-16  20:51:41
Start-Date: 2025-02-16  20:51:44; Commandline: apt-get install --reinstall coreutils; End-Date: 2025-02-16  20:51:45
Start-Date: 2025-02-16  20:51:48; Commandline: apt-get install --reinstall dash; End-Date: 2025-02-16  20:51:49
Start-Date: 2025-02-16  20:51:52; Commandline: apt-get install --reinstall debconf; End-Date: 2025-02-16  20:51:53
Start-Date: 2025-02-16  20:51:56; Commandline: apt-get install --reinstall debianutils; End-Date: 2025-02-16  20:51:58
Start-Date: 2025-02-16  20:52:00; Commandline: apt-get install --reinstall diffutils; End-Date: 2025-02-16  20:52:02
Start-Date: 2025-02-16  20:52:04; Commandline: apt-get install --reinstall dpkg; End-Date: 2025-02-16  20:52:06
Start-Date: 2025-02-16  20:52:09; Commandline: apt-get install --reinstall e2fsprogs; End-Date: 2025-02-16  20:52:10
Start-Date: 2025-02-16  20:52:13; Commandline: apt-get install --reinstall findutils; End-Date: 2025-02-16  20:52:14
Start-Date: 2025-02-16  20:52:17; Commandline: apt-get install --reinstall gcc-14-base:amd64; End-Date: 2025-02-16  20:52:18
Start-Date: 2025-02-16  20:52:21; Commandline: apt-get install --reinstall gpgv; End-Date: 2025-02-16  20:52:23
Start-Date: 2025-02-16  20:52:25; Commandline: apt-get install --reinstall grep; End-Date: 2025-02-16  20:52:27
Start-Date: 2025-02-16  20:52:29; Commandline: apt-get install --reinstall gzip; End-Date: 2025-02-16  20:52:31
Start-Date: 2025-02-16  20:52:34; Commandline: apt-get install --reinstall hostname; End-Date: 2025-02-16  20:52:35
Start-Date: 2025-02-16  20:52:38; Commandline: apt-get install --reinstall init-system-helpers; End-Date: 2025-02-16  20:52:39
Start-Date: 2025-02-16  20:52:42; Commandline: apt-get install --reinstall libacl1:amd64; End-Date: 2025-02-16  20:52:43
Start-Date: 2025-02-16  20:52:46; Commandline: apt-get install --reinstall libapt-pkg6.0t64:amd64; End-Date: 2025-02-16  20:52:47
Start-Date: 2025-02-16  20:52:50; Commandline: apt-get install --reinstall libassuan0:amd64; End-Date: 2025-02-16  20:52:51
Start-Date: 2025-02-16  20:52:54; Commandline: apt-get install --reinstall libattr1:amd64; End-Date: 2025-02-16  20:52:56
Start-Date: 2025-02-16  20:52:58; Commandline: apt-get install --reinstall libaudit-common; End-Date: 2025-02-16  20:53:00
Start-Date: 2025-02-16  20:53:02; Commandline: apt-get install --reinstall libaudit1:amd64; End-Date: 2025-02-16  20:53:04
Start-Date: 2025-02-16  20:53:06; Commandline: apt-get install --reinstall libblkid1:amd64; End-Date: 2025-02-16  20:53:08
Start-Date: 2025-02-16  20:53:11; Commandline: apt-get install --reinstall libbz2-1.0:amd64; End-Date: 2025-02-16  20:53:12
Start-Date: 2025-02-16  20:53:15; Commandline: apt-get install --reinstall libc-bin; End-Date: 2025-02-16  20:53:17
Start-Date: 2025-02-16  20:53:19; Commandline: apt-get install --reinstall libc6:amd64; End-Date: 2025-02-16  20:53:22
Start-Date: 2025-02-16  20:53:25; Commandline: apt-get install --reinstall libcap-ng0:amd64; End-Date: 2025-02-16  20:53:26
Start-Date: 2025-02-16  20:53:29; Commandline: apt-get install --reinstall libcap2:amd64; End-Date: 2025-02-16  20:53:30
Start-Date: 2025-02-16  20:53:33; Commandline: apt-get install --reinstall libcom-err2:amd64; End-Date: 2025-02-16  20:53:34
Start-Date: 2025-02-16  20:53:37; Commandline: apt-get install --reinstall libcrypt1:amd64; End-Date: 2025-02-16  20:53:38
Start-Date: 2025-02-16  20:53:41; Commandline: apt-get install --reinstall libdebconfclient0:amd64; End-Date: 2025-02-16  20:53:42
Start-Date: 2025-02-16  20:53:45; Commandline: apt-get install --reinstall libext2fs2t64:amd64; End-Date: 2025-02-16  20:53:46
Start-Date: 2025-02-16  20:53:49; Commandline: apt-get install --reinstall libffi8:amd64; End-Date: 2025-02-16  20:53:50
Start-Date: 2025-02-16  20:53:53; Commandline: apt-get install --reinstall libgcc-s1:amd64; End-Date: 2025-02-16  20:53:54
Start-Date: 2025-02-16  20:53:57; Commandline: apt-get install --reinstall libgcrypt20:amd64; End-Date: 2025-02-16  20:53:59
Start-Date: 2025-02-16  20:54:01; Commandline: apt-get install --reinstall libgmp10:amd64; End-Date: 2025-02-16  20:54:03
Start-Date: 2025-02-16  20:54:05; Commandline: apt-get install --reinstall libgnutls30t64:amd64; End-Date: 2025-02-16  20:54:07
Start-Date: 2025-02-16  20:54:10; Commandline: apt-get install --reinstall libgpg-error0:amd64; End-Date: 2025-02-16  20:54:11
Start-Date: 2025-02-16  20:54:14; Commandline: apt-get install --reinstall libhogweed6t64:amd64; End-Date: 2025-02-16  20:54:15
Start-Date: 2025-02-16  20:54:18; Commandline: apt-get install --reinstall libidn2-0:amd64; End-Date: 2025-02-16  20:54:19
Start-Date: 2025-02-16  20:54:22; Commandline: apt-get install --reinstall liblz4-1:amd64; End-Date: 2025-02-16  20:54:23
Start-Date: 2025-02-16  20:54:26; Commandline: apt-get install --reinstall liblzma5:amd64; End-Date: 2025-02-16  20:54:27
Start-Date: 2025-02-16  20:54:30; Commandline: apt-get install --reinstall libmd0:amd64; End-Date: 2025-02-16  20:54:32
Start-Date: 2025-02-16  20:54:34; Commandline: apt-get install --reinstall libmount1:amd64; End-Date: 2025-02-16  20:54:36
Start-Date: 2025-02-16  20:54:38; Commandline: apt-get install --reinstall libncursesw6:amd64; End-Date: 2025-02-16  20:54:39
Start-Date: 2025-02-16  20:54:42; Commandline: apt-get install --reinstall libnettle8t64:amd64; End-Date: 2025-02-16  20:54:43
Start-Date: 2025-02-16  20:54:46; Commandline: apt-get install --reinstall libnpth0t64:amd64; End-Date: 2025-02-16  20:54:48
Start-Date: 2025-02-16  20:54:50; Commandline: apt-get install --reinstall libp11-kit0:amd64; End-Date: 2025-02-16  20:54:52
Start-Date: 2025-02-16  20:54:54; Commandline: apt-get install --reinstall libpam-modules:amd64; End-Date: 2025-02-16  20:54:56
Start-Date: 2025-02-16  20:54:58; Commandline: apt-get install --reinstall libpam-modules-bin; End-Date: 2025-02-16  20:55:00
Start-Date: 2025-02-16  20:55:03; Commandline: apt-get install --reinstall libpam-runtime; End-Date: 2025-02-16  20:55:04
Start-Date: 2025-02-16  20:55:07; Commandline: apt-get install --reinstall libpam0g:amd64; End-Date: 2025-02-16  20:55:08
Start-Date: 2025-02-16  20:55:11; Commandline: apt-get install --reinstall libpcre2-8-0:amd64; End-Date: 2025-02-16  20:55:12
Start-Date: 2025-02-16  20:55:15; Commandline: apt-get install --reinstall libproc2-0:amd64; End-Date: 2025-02-16  20:55:16
Start-Date: 2025-02-16  20:55:19; Commandline: apt-get install --reinstall libseccomp2:amd64; End-Date: 2025-02-16  20:55:20
Start-Date: 2025-02-16  20:55:23; Commandline: apt-get install --reinstall libselinux1:amd64; End-Date: 2025-02-16  20:55:24
Start-Date: 2025-02-16  20:55:27; Commandline: apt-get install --reinstall libsemanage-common; End-Date: 2025-02-16  20:55:28
Start-Date: 2025-02-16  20:55:31; Commandline: apt-get install --reinstall libsemanage2:amd64; End-Date: 2025-02-16  20:55:32
Start-Date: 2025-02-16  20:55:35; Commandline: apt-get install --reinstall libsepol2:amd64; End-Date: 2025-02-16  20:55:36
Start-Date: 2025-02-16  20:55:38; Commandline: apt-get install --reinstall libsmartcols1:amd64; End-Date: 2025-02-16  20:55:40
Start-Date: 2025-02-16  20:55:42; Commandline: apt-get install --reinstall libss2:amd64; End-Date: 2025-02-16  20:55:44
Start-Date: 2025-02-16  20:55:46; Commandline: apt-get install --reinstall libssl3t64:amd64; End-Date: 2025-02-16  20:55:48
Start-Date: 2025-02-16  20:55:51; Commandline: apt-get install --reinstall libstdc++6:amd64; End-Date: 2025-02-16  20:55:52
Start-Date: 2025-02-16  20:55:55; Commandline: apt-get install --reinstall libsystemd0:amd64; End-Date: 2025-02-16  20:55:56
Start-Date: 2025-02-16  20:55:59; Commandline: apt-get install --reinstall libtasn1-6:amd64; End-Date: 2025-02-16  20:56:00
Start-Date: 2025-02-16  20:56:03; Commandline: apt-get install --reinstall libtinfo6:amd64; End-Date: 2025-02-16  20:56:04
Start-Date: 2025-02-16  20:56:07; Commandline: apt-get install --reinstall libudev1:amd64; End-Date: 2025-02-16  20:56:08
Start-Date: 2025-02-16  20:56:11; Commandline: apt-get install --reinstall libunistring5:amd64; End-Date: 2025-02-16  20:56:13
Start-Date: 2025-02-16  20:56:15; Commandline: apt-get install --reinstall libuuid1:amd64; End-Date: 2025-02-16  20:56:17
Start-Date: 2025-02-16  20:56:19; Commandline: apt-get install --reinstall libxxhash0:amd64; End-Date: 2025-02-16  20:56:21
Start-Date: 2025-02-16  20:56:23; Commandline: apt-get install --reinstall libzstd1:amd64; End-Date: 2025-02-16  20:56:25
Start-Date: 2025-02-16  20:56:28; Commandline: apt-get install --reinstall login; End-Date: 2025-02-16  20:56:29
Start-Date: 2025-02-16  20:56:32; Commandline: apt-get install --reinstall logsave; End-Date: 2025-02-16  20:56:33
Start-Date: 2025-02-16  20:56:36; Commandline: apt-get install --reinstall mawk; End-Date: 2025-02-16  20:56:37
Start-Date: 2025-02-16  20:56:39; Commandline: apt-get install --reinstall mount; End-Date: 2025-02-16  20:56:41
Start-Date: 2025-02-16  20:56:43; Commandline: apt-get install --reinstall ncurses-base; End-Date: 2025-02-16  20:56:45
Start-Date: 2025-02-16  20:56:47; Commandline: apt-get install --reinstall ncurses-bin; End-Date: 2025-02-16  20:56:49
Start-Date: 2025-02-16  20:56:52; Commandline: apt-get install --reinstall passwd; End-Date: 2025-02-16  20:56:53
Start-Date: 2025-02-16  20:56:55; Commandline: apt-get install --reinstall perl-base; End-Date: 2025-02-16  20:56:57
Start-Date: 2025-02-16  20:57:00; Commandline: apt-get install --reinstall procps; End-Date: 2025-02-16  20:57:01
Start-Date: 2025-02-16  20:57:04; Commandline: apt-get install --reinstall sed; End-Date: 2025-02-16  20:57:05
Start-Date: 2025-02-16  20:57:08; Commandline: apt-get install --reinstall sensible-utils; End-Date: 2025-02-16  20:57:09
Start-Date: 2025-02-16  20:57:12; Commandline: apt-get install --reinstall sysvinit-utils; End-Date: 2025-02-16  20:57:13
Start-Date: 2025-02-16  20:57:16; Commandline: apt-get install --reinstall tar; End-Date: 2025-02-16  20:57:17
Start-Date: 2025-02-16  20:57:20; Commandline: apt-get install --reinstall ubuntu-keyring; End-Date: 2025-02-16  20:57:21
Start-Date: 2025-02-16  20:57:24; Commandline: apt-get install --reinstall util-linux; End-Date: 2025-02-16  20:57:26
Start-Date: 2025-02-16  20:57:28; Commandline: apt-get install --reinstall zlib1g:amd64; End-Date: 2025-02-16  20:57:30
Start-Date: 2025-02-16  20:57:34; Commandline: apt-get --yes -oDebug::pkgDepCache::AutoInstall=yes --force-yes upgrade; End-Date: 2025-02-16  20:57:38
Start-Date: 2025-02-16  20:57:39; Commandline: apt-get --yes -oDebug::pkgDepCache::AutoInstall=yes --force-yes dist-upgrade; End-Date: 2025-02-16  20:57:39
Start-Date: 2025-02-16  20:57:42; Commandline: apt-get --yes -oDebug::pkgDepCache::AutoInstall=yes install adduser apparmor apport apport-core-dump-handler apt base-passwd bcache-tools btrfs-progs busybox-initramfs ca-certificates cloud-guest-utils cloud-init coreutils cpio cryptsetup cryptsetup-bin curl dbus dbus-bin dbus-daemon dbus-session-bus-common dbus-system-bus-common dbus-user-session debconf dhcpcd-base distro-info-data dmeventd dmsetup dpkg dracut-install e2fsprogs ethtool fdisk fuse3 gawk gcc-14-base gettext-base gir1.2-girepository-2.0 gir1.2-glib-2.0 gpgv init-system-helpers initramfs-tools initramfs-tools-bin initramfs-tools-core iproute2 klibc-utils kmod kpartx libacl1 libaio1t64 libapparmor1 libapt-pkg6.0t64 libargon2-1 libassuan0 libattr1 libaudit-common libaudit1 libblkid1 libbpf1 libbrotli1 libbsd0 libbz2-1.0 libc6 libcap-ng0 libcap2 libcap2-bin libcbor0.10 libcom-err2 libcrypt1 libcryptsetup12 libcurl4t64 libdb5.3t64 libdbus-1-3 libdebconfclient0 libdevmapper-event1.02.1 libdevmapper1.02.1 libdrm-common libdrm2 libedit2 libelf1t64 libexpat1 libext2fs2t64 libfdisk1 libffi8 libfido2-1 libfuse3-3 libgcc-s1 libgcrypt20 libgdbm-compat4t64 libgdbm6t64 libgirepository-1.0-1 libglib2.0-0t64 libgmp10 libgnutls30t64 libgpg-error0 libgssapi-krb5-2 libhogweed6t64 libicu74 libidn2-0 libinih1 libintl-perl libisns0t64 libjson-c5 libk5crypto3 libkeyutils1 libklibc libkmod2 libkrb5-3 libkrb5support0 libldap2 liblvm2cmd2.03 liblz4-1 liblzma5 liblzo2-2 libmd0 libmnl0 libmodule-find-perl libmodule-scandeps-perl libmount1 libmpfr6 libncursesw6 libnetplan1 libnettle8t64 libnghttp2-14 libnpth0t64 libopeniscsiusr libp11-kit0 libpam-modules libpam-modules-bin libpam-runtime libpam-systemd libpam0g libpci3 libpcre2-8-0 libperl5.38t64 libpopt0 libproc-processtable-perl libproc2-0 libpsl5t64 libpython3-stdlib libpython3.12-minimal libpython3.12-stdlib libreadline8t64 libreiserfscore0t64 librtmp1 libsasl2-2 libsasl2-modules-db libseccomp2 libselinux1 libsemanage-common libsemanage2 libsepol2 libsgutils2-1.46-2 libsigsegv2 libsmartcols1 libsort-naturally-perl libsqlite3-0 libss2 libssh-4 libssl3t64 libstdc++6 libsystemd-shared libsystemd0 libtasn1-6 libterm-readkey-perl libtinfo6 libtirpc-common libtirpc3t64 libudev1 libunistring5 liburcu8t64 libusb-1.0-0 libuuid1 libxtables12 libxxhash0 libyaml-0-2 libzstd1 linux-base logsave lsb-base lsb-release lvm2 mdadm media-types mount multipath-tools needrestart netbase netplan-generator netplan.io open-iscsi openssh-client openssl passwd pci.ids pciutils perl perl-base perl-modules-5.38 pollinate procps python-apt-common python3 python3-apport python3-apt python3-attr python3-blinker python3-certifi python3-cffi-backend python3-chardet python3-click python3-colorama python3-configobj python3-cryptography python3-dbus python3-debconf python3-distro python3-distro-info python3-distupgrade python3-gi python3-httplib2 python3-idna python3-jinja2 python3-json-pointer python3-jsonpatch python3-jsonschema python3-jwt python3-launchpadlib python3-lazr.restfulclient python3-lazr.uri python3-markupsafe python3-minimal python3-netplan python3-oauthlib python3-pkg-resources python3-problem-report python3-pyparsing python3-pyrsistent python3-requests python3-serial python3-six python3-update-manager python3-urllib3 python3-wadllib python3-xkit python3-yaml python3.12 python3.12-minimal readline-common sed sensible-utils sg3-utils sg3-utils-udev snapd squashfs-tools sudo systemd systemd-dev systemd-resolved systemd-sysv sysvinit-utils tar tzdata ubuntu-drivers-common ubuntu-keyring ubuntu-release-upgrader-core ubuntu-server-minimal ucf udev unattended-upgrades unminimize usbutils xfsprogs xxd xz-utils zlib1g lxd-installer; End-Date: 2025-02-16  20:58:20
Start-Date: 2025-02-16  20:58:40; Commandline: apt-get install --reinstall -y gdisk zstd unattended-upgrades xfsprogs multipath-tools kpartx cloud-init squashfs-tools sg3-utils pollinate packagekit-tools polkitd xml-core needrestart mdadm lvm2 libterm-readkey-perl libsort-naturally-perl libproc-processtable-perl:amd64 libmodule-scandeps-perl libmodule-find-perl libldap-common libintl-xs-perl libintl-perl libglib2.0-bin gpg-wks-client gnupg keyboxd gpgsm gpg-agent pinentry-curses gpg gnupg-utils finalrd fdisk eatmydata dmeventd dirmngr gpgconf curl initramfs-tools linux-base initramfs-tools-core cryptsetup cryptsetup-bin btrfs-progs bcache-tools appstream libsasl2-2:amd64 xz-utils xauth ubuntu-release-upgrader-core plymouth openssh-client libx11-data libedit2:amd64 groff-base gettext-base fuse3 cpio apparmor xxd xdg-user-dirs ucf systemd-timesyncd systemd-resolved sudo shared-mime-info python3-pygments networkd-dispatcher netplan.io cloud-guest-utils thin-provisioning-tools software-properties-common snapd iproute2 libcap2-bin libtirpc-common libpam-systemd:amd64 coreutils ncurses-bin mawk libsemanage-common bash base-passwd tar sysvinit-utils sensible-utils sed apt init-system-helpers hostname gzip grep gpgv findutils diffutils debconf debianutils dash adduser kmod usbutils pciutils sgml-base perl libperl5.38t64:amd64 dmsetup dhcpcd-base open-iscsi udev gawk python3-chardet lsb-release dbus-daemon dbus-bin systemd-sysv systemd python3 python3.12 readline-common ethtool netplan-generator libpam-cap:amd64 libnss-systemd:amd64 console-setup keyboard-configuration xkb-data liblocale-gettext-perl kbd ca-certificates openssl libpam-modules:amd64 python3-minimal python3.12-minimal procps passwd libpam-modules-bin logsave libpam-runtime libaudit-common mount e2fsprogs util-linux perl-base bsdutils apport libc-bin base-files login dpkg; End-Date: 2025-02-16  20:59:23
Start-Date: 2025-02-16  20:59:26; Commandline: apt-get install --reinstall -y cryptsetup-initramfs dbus dbus-session-bus-common dbus-system-bus-common distro-info-data dracut-install gcc-14-base:amd64 gnupg-l10n iso-codes libapt-pkg6.0t64:amd64 libc6:amd64 libcbor0.10:amd64 libcryptsetup12:amd64 libdb5.3t64:amd64 libdbus-1-3:amd64 libexpat1:amd64 libfuse3-3:amd64 libgcrypt20:amd64 libglib2.0-0t64:amd64 libgmp10:amd64 libgnutls30t64:amd64 libgpg-error0:amd64 libidn2-0:amd64 libjson-c5:amd64 libklibc:amd64 libkrb5-3:amd64 libksba8:amd64 libldap2:amd64 liblzma5:amd64 liblzo2-2:amd64 libmpfr6:amd64 libnettle8t64:amd64 libnghttp2-14:amd64 libopeniscsiusr libp11-kit0:amd64 libpam0g:amd64 libpcre2-8-0:amd64 libpng16-16t64:amd64 libpolkit-gobject-1-0:amd64 libpopt0:amd64 libproc2-0:amd64 libpython3-stdlib:amd64 libpython3.12-minimal:amd64 libreadline8t64:amd64 libsigsegv2:amd64 libsqlite3-0:amd64 libssh-4:amd64 libstemmer0d:amd64 libsystemd-shared:amd64 libsystemd0:amd64 libtasn1-6:amd64 libtirpc3t64:amd64 libudev1:amd64 libusb-1.0-0:amd64 libxml2:amd64 libxtables12:amd64 lsb-base ncurses-base packagekit perl-modules-5.38 publicsuffix python3-babel python3-certifi python3-colorama python3-dbus python3-gi python3-httplib2 python3-json-pointer python3-jsonpatch python3-jwt python3-launchpadlib python3-lazr.restfulclient python3-lazr.uri python3-markdown-it python3-oauthlib python3-pkg-resources python3-requests python3-rich python3-serial python3-software-properties python3-tz python3-wadllib python3-yaml systemd-dev tzdata ubuntu-drivers-common; End-Date: 2025-02-16  20:59:43
Start-Date: 2025-02-16  20:59:50; Commandline: apt-get install -y ubuntu-minimal ubuntu-standard; End-Date: 2025-02-16  21:00:01
Start-Date: 2025-02-16  21:00:04; Commandline: apt-get -y --fix-policy install; End-Date: 2025-02-16  21:00:04
Start-Date: 2025-02-16  21:00:10; Commandline: apt-get --yes -oDebug::pkgDepCache::AutoInstall=yes install adduser apparmor apport apport-core-dump-handler apport-symptoms appstream apt apt-utils base-files base-passwd bash bash-completion bc bcache-tools bind9-dnsutils bind9-host bind9-libs bolt bsdextrautils bsdutils btrfs-progs busybox-initramfs busybox-static byobu ca-certificates cloud-guest-utils cloud-initramfs-copymods cloud-initramfs-dyn-netconf command-not-found console-setup console-setup-linux coreutils cpio cron cron-daemon-common cryptsetup cryptsetup-bin cryptsetup-initramfs curl dash dbus dbus-bin dbus-daemon dbus-session-bus-common dbus-system-bus-common dbus-user-session debconf debconf-i18n debianutils dhcpcd-base diffutils dirmngr distro-info distro-info-data dmeventd dmidecode dmsetup dosfstools dpkg dracut-install e2fsprogs ed eject ethtool fdisk file finalrd findutils fonts-ubuntu-console friendly-recovery ftp fuse3 fwupd fwupd-signed gawk gcc-14-base gdisk gettext-base gir1.2-girepository-2.0 gir1.2-glib-2.0 gir1.2-packagekitglib-1.0 git git-man gnupg gnupg-l10n gnupg-utils gpg gpg-agent gpg-wks-client gpgconf gpgsm gpgv grep groff-base gzip hdparm hostname htop ibverbs-providers inetutils-telnet info init init-system-helpers initramfs-tools initramfs-tools-bin initramfs-tools-core install-info iproute2 iptables iputils-ping iputils-tracepath iso-codes jq kbd keyboard-configuration keyboxd klibc-utils kmod kpartx krb5-locales landscape-common less libacl1 libaio1t64 libapparmor1 libappstream5 libapt-pkg6.0t64 libarchive13t64 libargon2-1 libassuan0 libatasmart4 libatm1t64 libattr1 libaudit-common libaudit1 libblkid1 libblockdev-crypto3 libblockdev-fs3 libblockdev-loop3 libblockdev-mdraid3 libblockdev-nvme3 libblockdev-part3 libblockdev-swap3 libblockdev-utils3 libblockdev3 libbpf1 libbrotli1 libbsd0 libbytesize-common libbytesize1 libbz2-1.0 libc-bin libc6 libcap-ng0 libcap2 libcap2-bin libcbor0.10 libcom-err2 libcrypt1 libcryptsetup12 libcurl3t64-gnutls libcurl4t64 libdb5.3t64 libdbus-1-3 libdebconfclient0 libdevmapper-event1.02.1 libdevmapper1.02.1 libdrm-common libdrm2 libduktape207 libdw1t64 libedit2 libelf1t64 liberror-perl libestr0 libevdev2 libevent-core-2.1-7t64 libexpat1 libext2fs2t64 libfastjson4 libfdisk1 libffi8 libfido2-1 libflashrom1 libfribidi0 libftdi1-2 libfuse3-3 libfwupd2 libgcc-s1 libgcrypt20 libgdbm-compat4t64 libgdbm6t64 libgirepository-1.0-1 libglib2.0-0t64 libglib2.0-bin libglib2.0-data libgmp10 libgnutls30t64 libgpg-error0 libgpgme11t64 libgpm2 libgssapi-krb5-2 libgstreamer1.0-0 libgudev-1.0-0 libgusb2 libhogweed6t64 libibverbs1 libicu74 libidn2-0 libinih1 libintl-perl libintl-xs-perl libip4tc2 libip6tc2 libisns0t64 libjansson4 libjcat1 libjq1 libjson-c5 libjson-glib-1.0-0 libjson-glib-1.0-common libk5crypto3 libkeyutils1 libklibc libkmod2 libkrb5-3 libkrb5support0 libksba8 libldap-common libldap2 liblmdb0 liblocale-gettext-perl liblvm2cmd2.03 liblz4-1 liblzma5 liblzo2-2 libmagic-mgc libmagic1t64 libmaxminddb0 libmbim-glib4 libmbim-proxy libmbim-utils libmd0 libmm-glib0 libmnl0 libmodule-find-perl libmodule-scandeps-perl libmount1 libmpfr6 libmspack0t64 libncurses6 libncursesw6 libnetfilter-conntrack3 libnetplan1 libnettle8t64 libnewt0.52 libnfnetlink0 libnftables1 libnftnl11 libnghttp2-14 libnl-3-200 libnl-genl-3-200 libnl-route-3-200 libnpth0t64 libnspr4 libnss-systemd libnss3 libntfs-3g89t64 libnuma1 libnvme1t64 libonig5 libopeniscsiusr libp11-kit0 libpackagekit-glib2-18 libpam-cap libpam-modules libpam-modules-bin libpam-runtime libpam-systemd libpam0g libparted2t64 libpcap0.8t64 libpci3 libpcre2-8-0 libperl5.38t64 libpipeline1 libplymouth5 libpng16-16t64 libpolkit-agent-1-0 libpolkit-gobject-1-0 libpopt0 libproc-processtable-perl libproc2-0 libprotobuf-c1 libpsl5t64 libpython3-stdlib libpython3.12-minimal libpython3.12-stdlib libpython3.12t64 libqmi-glib5 libqmi-proxy libqmi-utils libqrtr-glib0 libreadline8t64 libreiserfscore0t64 librtmp1 libsasl2-2 libsasl2-modules libsasl2-modules-db libseccomp2 libselinux1 libsemanage-common libsemanage2 libsensors-config libsensors5 libsepol2 libsgutils2-1.46-2 libsigsegv2 libslang2 libsmartcols1 libsodium23 libsort-naturally-perl libsqlite3-0 libss2 libssh-4 libssl3t64 libstdc++6 libstemmer0d libsystemd-shared libsystemd0 libtasn1-6 libtcl8.6 libterm-readkey-perl libtext-charwidth-perl libtext-iconv-perl libtext-wrapi18n-perl libtinfo6 libtirpc-common libtirpc3t64 libtraceevent1 libtraceevent1-plugin libtracefs1 libtss2-esys-3.0.2-0t64 libtss2-mu-4.0.1-0t64 libtss2-sys1t64 libtss2-tcti-cmd0t64 libtss2-tcti-device0t64 libtss2-tcti-mssim0t64 libtss2-tcti-swtpm0t64 libuchardet0 libudev1 libudisks2-0 libunistring5 libunwind8 liburcu8t64 libusb-1.0-0 libutempter0 libuuid1 libuv1t64 libvolume-key1 libx11-6 libx11-data libxau6 libxcb1 libxdmcp6 libxext6 libxkbcommon0 libxml2 libxmlb2 libxmlsec1t64 libxmlsec1t64-openssl libxmuu1 libxslt1.1 libxtables12 libxxhash0 libyaml-0-2 libzstd1 linux-base locales login logrotate logsave lsb-release lshw lsof lvm2 lxd-agent-loader lxd-installer man-db manpages mawk mdadm media-types modemmanager motd-news-config mount mtr-tiny multipath-tools nano ncurses-base ncurses-bin needrestart netbase netcat-openbsd netplan-generator netplan.io networkd-dispatcher nftables ntfs-3g numactl open-iscsi open-vm-tools openssh-client openssl overlayroot packagekit packagekit-tools parted passwd pastebinit patch pci.ids pciutils perl perl-base perl-modules-5.38 pinentry-curses plymouth plymouth-theme-ubuntu-text polkitd pollinate powermgmt-base procps psmisc publicsuffix python-apt-common python3 python3-apport python3-apt python3-attr python3-automat python3-bcrypt python3-blinker python3-boto3 python3-botocore python3-certifi python3-cffi-backend python3-chardet python3-click python3-colorama python3-commandnotfound python3-configobj python3-constantly python3-cryptography python3-dateutil python3-dbus python3-debconf python3-debian python3-distro python3-distro-info python3-distupgrade python3-gdbm python3-gi python3-hamcrest python3-httplib2 python3-hyperlink python3-idna python3-incremental python3-jmespath python3-jwt python3-launchpadlib python3-lazr.restfulclient python3-lazr.uri python3-magic python3-markdown-it python3-mdurl python3-minimal python3-netifaces python3-netplan python3-newt python3-oauthlib python3-openssl python3-packaging python3-pexpect python3-pkg-resources python3-problem-report python3-ptyprocess python3-pyasn1 python3-pyasn1-modules python3-pygments python3-pyparsing python3-requests python3-rich python3-s3transfer python3-service-identity python3-setuptools python3-six python3-software-properties python3-systemd python3-twisted python3-update-manager python3-urllib3 python3-wadllib python3-yaml python3-zope.interface python3.12 python3.12-minimal readline-common rsync rsyslog run-one sbsigntool screen secureboot-db sed sensible-utils sg3-utils sg3-utils-udev sgml-base shared-mime-info snapd software-properties-common sosreport squashfs-tools strace sudo sysstat systemd systemd-dev systemd-hwe-hwdb systemd-resolved systemd-sysv systemd-timesyncd sysvinit-utils tar tcl tcl8.6 tcpdump telnet thin-provisioning-tools time tmux tnftp tpm-udev trace-cmd tzdata ubuntu-keyring ubuntu-minimal ubuntu-pro-client ubuntu-pro-client-l10n ubuntu-release-upgrader-core ubuntu-server ubuntu-standard ucf udev udisks2 ufw unattended-upgrades update-manager-core update-notifier-common usb-modeswitch usb-modeswitch-data usb.ids usbutils util-linux uuid-runtime vim vim-common vim-runtime vim-tiny wget whiptail xauth xdg-user-dirs xfsprogs xkb-data xml-core xxd xz-utils zerofree zlib1g zstd cloud-init; End-Date: 2025-02-16  21:00:28
Start-Date: 2025-03-12  18:07:37; Commandline: apt-get --quiet --assume-yes --option=Dpkg::options::=--force-unsafe-io --option=Dpkg::Options::=--force-confold install grub-pc; End-Date: 2025-03-12  18:08:03
Start-Date: 2025-03-12  18:08:37; Commandline: apt-get --quiet --assume-yes --option=Dpkg::options::=--force-unsafe-io --option=Dpkg::Options::=--force-confold install linux-generic; End-Date: 2025-03-12  18:11:58
Start-Date: 2025-03-12  18:12:45; Commandline: apt-get --quiet --assume-yes --option=Dpkg::options::=--force-unsafe-io --option=Dpkg::Options::=--force-confold install openssh-server; End-Date: 2025-03-12  18:13:11
Start-Date: 2025-03-12  18:13:21; Commandline: /usr/bin/unattended-upgrades -v; End-Date: 2025-03-12  18:14:11
Start-Date: 2025-03-12  18:19:08; Commandline: apt dist-upgrade; End-Date: 2025-03-12  18:21:04
Start-Date: 2025-03-12  18:21:23; Commandline: apt install vim qemu-guest-agent; End-Date: 2025-03-12  18:21:31
Start-Date: 2026-07-09  06:43:20; Commandline: /usr/bin/unattended-upgrade; End-Date: 2026-07-09  06:53:14
Start-Date: 2026-07-09  06:53:50; Commandline: /usr/bin/unattended-upgrade; End-Date: 2026-07-09  07:03:04
Start-Date: 2026-07-09  07:03:08; Commandline: /usr/bin/unattended-upgrade; End-Date: 2026-07-09  07:12:00
Start-Date: 2026-07-09  07:12:04; Commandline: /usr/bin/unattended-upgrade; End-Date: 2026-07-09  07:21:35
Start-Date: 2026-07-09  07:21:40; Commandline: /usr/bin/unattended-upgrade; End-Date: 2026-07-09  07:46:08
Start-Date: 2026-07-09  07:46:14; Commandline: /usr/bin/unattended-upgrade; End-Date: 2026-07-09  07:49:48
Start-Date: 2026-07-09  07:50:01; Commandline: /usr/bin/unattended-upgrade; End-Date: 2026-07-09  07:54:38
Start-Date: 2026-07-09  07:55:01; Commandline: /usr/bin/unattended-upgrade; End-Date: 2026-07-09  08:02:39
Start-Date: 2026-07-09  08:02:49; Commandline: /usr/bin/unattended-upgrade; End-Date: 2026-07-09  08:06:01
Start-Date: 2026-07-09  08:06:07; Commandline: /usr/bin/unattended-upgrade; End-Date: 2026-07-09  08:06:39
Start-Date: 2026-07-09  08:06:42; Commandline: /usr/bin/unattended-upgrade; End-Date: 2026-07-09  08:10:45
Start-Date: 2026-07-09  08:10:54; Commandline: /usr/bin/unattended-upgrade; End-Date: 2026-07-09  08:15:20
Start-Date: 2026-07-09  08:15:45; Commandline: /usr/bin/unattended-upgrade; End-Date: 2026-07-09  08:21:51
Start-Date: 2026-07-09  08:21:55; Commandline: /usr/bin/unattended-upgrade; End-Date: 2026-07-09  08:22:52
Start-Date: 2026-07-09  08:23:23; Commandline: /usr/bin/unattended-upgrade; End-Date: 2026-07-09  08:28:47
Start-Date: 2026-07-09  08:28:56; Commandline: /usr/bin/unattended-upgrade; End-Date: 2026-07-09  08:31:10
Start-Date: 2026-07-09  08:31:39; Commandline: /usr/bin/unattended-upgrade; End-Date: 2026-07-09  09:46:43
Start-Date: 2026-07-09  09:47:02; Commandline: /usr/bin/unattended-upgrade; End-Date: 2026-07-09  09:50:12
Start-Date: 2026-07-09  09:50:21; Commandline: /usr/bin/unattended-upgrade; End-Date: 2026-07-09  09:52:57
Start-Date: 2026-07-09  09:53:27; Commandline: /usr/bin/unattended-upgrade; End-Date: 2026-07-09  10:08:04
Start-Date: 2026-07-09  10:08:23; Commandline: /usr/bin/unattended-upgrade; End-Date: 2026-07-09  10:10:01
Start-Date: 2026-07-09  10:10:08; Commandline: /usr/bin/unattended-upgrade; End-Date: 2026-07-09  10:13:56
Start-Date: 2026-07-09  10:14:01; Commandline: /usr/bin/unattended-upgrade; End-Date: 2026-07-09  10:16:47
Start-Date: 2026-07-09  10:16:54; Commandline: /usr/bin/unattended-upgrade; End-Date: 2026-07-09  10:20:22
Start-Date: 2026-07-09  10:20:32; Commandline: /usr/bin/unattended-upgrade; End-Date: 2026-07-09  10:23:19
Start-Date: 2026-07-09  10:23:28; Commandline: /usr/bin/unattended-upgrade; End-Date: 2026-07-09  10:32:45
Start-Date: 2026-07-09  10:32:53; Commandline: /usr/bin/unattended-upgrade; End-Date: 2026-07-09  10:37:55
Start-Date: 2026-07-09  10:38:32; Commandline: /usr/bin/unattended-upgrade; End-Date: 2026-07-09  10:43:18
Start-Date: 2026-07-09  10:43:24; Commandline: /usr/bin/unattended-upgrade; End-Date: 2026-07-09  10:58:47
Start-Date: 2026-07-09  10:59:23; Commandline: /usr/bin/unattended-upgrade; End-Date: 2026-07-09  11:01:19
Start-Date: 2026-07-09  11:01:28; Commandline: /usr/bin/unattended-upgrade; End-Date: 2026-07-09  11:04:51
Start-Date: 2026-07-09  11:05:00; Commandline: /usr/bin/unattended-upgrade; End-Date: 2026-07-09  11:06:07
Start-Date: 2026-07-09  11:06:13; Commandline: /usr/bin/unattended-upgrade; End-Date: 2026-07-09  11:08:14
Start-Date: 2026-07-09  11:08:31; Commandline: /usr/bin/unattended-upgrade; End-Date: 2026-07-09  11:18:09
Start-Date: 2026-07-09  11:18:24; Commandline: /usr/bin/unattended-upgrade; End-Date: 2026-07-09  11:19:20
Start-Date: 2026-07-09  11:19:26; Commandline: /usr/bin/unattended-upgrade; End-Date: 2026-07-09  11:25:10
Start-Date: 2026-07-09  11:25:31; Commandline: /usr/bin/unattended-upgrade; End-Date: 2026-07-09  11:29:12
Start-Date: 2026-07-09  11:29:20; Commandline: /usr/bin/unattended-upgrade; End-Date: 2026-07-09  11:33:38
Start-Date: 2026-07-09  11:33:52; Commandline: /usr/bin/unattended-upgrade; End-Date: 2026-07-09  11:38:04
Start-Date: 2026-07-09  11:38:15; Commandline: /usr/bin/unattended-upgrade; End-Date: 2026-07-09  11:40:03
Start-Date: 2026-07-09  11:40:07; Commandline: /usr/bin/unattended-upgrade; End-Date: 2026-07-09  11:42:40
Start-Date: 2026-07-09  11:42:49; Commandline: /usr/bin/unattended-upgrade; End-Date: 2026-07-09  11:44:27
Start-Date: 2026-07-09  11:44:32; Commandline: /usr/bin/unattended-upgrade; End-Date: 2026-07-09  11:47:35
Start-Date: 2026-07-09  11:47:40; Commandline: /usr/bin/unattended-upgrade; End-Date: 2026-07-09  11:50:25
Start-Date: 2026-07-09  11:50:31; Commandline: /usr/bin/unattended-upgrade; End-Date: 2026-07-09  11:54:58
Start-Date: 2026-07-09  11:55:11; Commandline: /usr/bin/unattended-upgrade; End-Date: 2026-07-09  11:57:02
Start-Date: 2026-07-09  11:57:23; Commandline: /usr/bin/unattended-upgrade; End-Date: 2026-07-09  12:00:17
Start-Date: 2026-07-09  12:00:24; Commandline: /usr/bin/unattended-upgrade; End-Date: 2026-07-09  12:09:01
Start-Date: 2026-07-09  12:09:07; Commandline: /usr/bin/unattended-upgrade; End-Date: 2026-07-09  12:12:02
Start-Date: 2026-07-09  12:12:10; Commandline: /usr/bin/unattended-upgrade; End-Date: 2026-07-09  12:13:45
Start-Date: 2026-07-09  12:13:50; Commandline: /usr/bin/unattended-upgrade; End-Date: 2026-07-09  12:16:14
Start-Date: 2026-07-09  12:16:21; Commandline: /usr/bin/unattended-upgrade; End-Date: 2026-07-09  12:18:14
Start-Date: 2026-07-09  12:18:26; Commandline: /usr/bin/unattended-upgrade; End-Date: 2026-07-09  12:22:48
Start-Date: 2026-07-09  12:22:56; Commandline: /usr/bin/unattended-upgrade; End-Date: 2026-07-09  12:26:32
Start-Date: 2026-07-09  12:26:54; Commandline: /usr/bin/unattended-upgrade; End-Date: 2026-07-09  12:29:43
Start-Date: 2026-07-09  12:29:48; Commandline: /usr/bin/unattended-upgrade; End-Date: 2026-07-09  12:32:12
Start-Date: 2026-07-09  12:32:17; Commandline: /usr/bin/unattended-upgrade; End-Date: 2026-07-09  12:33:31
Start-Date: 2026-07-09  12:33:43; Commandline: /usr/bin/unattended-upgrade; End-Date: 2026-07-09  12:40:45
Start-Date: 2026-07-09  12:40:50; Commandline: /usr/bin/unattended-upgrade; End-Date: 2026-07-09  12:43:23
Start-Date: 2026-07-09  12:43:28; Commandline: /usr/bin/unattended-upgrade; End-Date: 2026-07-09  12:44:01
Start-Date: 2026-07-09  12:44:04; Commandline: /usr/bin/unattended-upgrade; End-Date: 2026-07-09  12:45:25
Start-Date: 2026-07-09  12:45:30; Commandline: /usr/bin/unattended-upgrade; End-Date: 2026-07-09  12:46:41
Start-Date: 2026-07-09  12:46:50; Commandline: /usr/bin/unattended-upgrade; End-Date: 2026-07-09  12:47:54
Start-Date: 2026-07-09  12:48:00; Commandline: /usr/bin/unattended-upgrade; End-Date: 2026-07-09  12:48:33
Start-Date: 2026-07-09  12:48:37; Commandline: /usr/bin/unattended-upgrade; End-Date: 2026-07-09  12:49:10
Start-Date: 2026-07-09  12:49:14; Commandline: /usr/bin/unattended-upgrade; End-Date: 2026-07-09  12:52:09
Start-Date: 2026-07-09  12:52:17; Commandline: /usr/bin/unattended-upgrade; End-Date: 2026-07-09  12:53:10
Start-Date: 2026-07-09  12:53:15; Commandline: /usr/bin/unattended-upgrade; End-Date: 2026-07-09  12:54:17
Start-Date: 2026-07-09  12:54:25; Commandline: /usr/bin/unattended-upgrade; End-Date: 2026-07-09  12:58:43
Start-Date: 2026-07-09  12:58:46; Commandline: /usr/bin/unattended-upgrade; End-Date: 2026-07-09  13:00:56
Start-Date: 2026-07-09  13:01:11; Commandline: /usr/bin/unattended-upgrade; End-Date: 2026-07-09  13:03:19
Start-Date: 2026-07-09  13:03:28; Commandline: /usr/bin/unattended-upgrade; End-Date: 2026-07-09  13:04:36
Start-Date: 2026-07-09  13:04:41; Commandline: /usr/bin/unattended-upgrade; End-Date: 2026-07-09  13:05:20
Start-Date: 2026-07-09  13:05:26; Commandline: /usr/bin/unattended-upgrade; End-Date: 2026-07-09  13:06:55
Start-Date: 2026-07-09  13:06:59; Commandline: /usr/bin/unattended-upgrade; End-Date: 2026-07-09  13:08:06
Start-Date: 2026-07-09  13:08:12; Commandline: /usr/bin/unattended-upgrade; End-Date: 2026-07-09  13:09:02
Start-Date: 2026-07-09  13:09:11; Commandline: /usr/bin/unattended-upgrade; End-Date: 2026-07-09  13:10:22
Start-Date: 2026-07-09  13:10:32; Commandline: /usr/bin/unattended-upgrade; End-Date: 2026-07-09  13:11:14
Start-Date: 2026-07-09  13:11:18; Commandline: /usr/bin/unattended-upgrade; End-Date: 2026-07-09  13:11:55
Start-Date: 2026-07-09  13:12:02; Commandline: /usr/bin/unattended-upgrade; End-Date: 2026-07-09  13:12:42
Start-Date: 2026-07-10  05:36:44; Commandline: apt install gcc; End-Date: 2026-07-10  05:37:38
Start-Date: 2026-07-11  06:32:53; Commandline: /usr/bin/unattended-upgrade; End-Date: 2026-07-11  06:33:00
Start-Date: 2026-07-11  06:33:03; Commandline: /usr/bin/unattended-upgrade; End-Date: 2026-07-11  06:33:10
Start-Date: 2026-07-12  16:55:22; Commandline: apt install p7zip-full; End-Date: 2026-07-12  16:55:27